ITL03	ITL03
A0A091MNE3	A0A091MNE3
A0A091QHR1	A0A091QHR1
A0A1D8PPC9	A0A1D8PPC9
A0A1S7IUL2	A0A1S7IUL2
A0A1V4JV01	A0A1V4JV01
A0A1V4JV01	A0A2I0M1H6
A0A1V4JV01	R7VUD9
A0A2I0B5R5	A0A2I0B5R5
A0A2I3LMN0	A0A2I3LMN0
A0A2I3LMN0	A0A096NQN8
A0A2I3LMN0	A0A1D5QT32
A0A2I3LMN0	A0A1D5QZL8
A0A2I3LMN0	A0A2I3LSC7
A0A2I3LMN0	A0A2J8P2T4
A0A2I3LMN0	A0A2K5IDG3
A0A2I3LMN0	A0A2K5NZT0
A0A2I3LMN0	A0A2K5P009
A0A2I3LMN0	A0A2K5P022
A0A2I3LMN0	A0A2K5R4W6
A0A2I3LMN0	A0A2K5VP36
A0A2I3LMN0	A0A2K5XTX2
A0A2I3LMN0	A0A2K6E5R5
A0A2I3LMN0	A0A2K6E5S4
A0A2I3LMN0	A0A2K6E5S5
A0A2I3LMN0	A0A2R9AYC2
A0A2I3LMN0	A0A5F4VZ33
A0A2I3LMN0	A0A6J3GNZ2
A0A2I3LMN0	A0A6J3GPU5
A0A2I3LMN0	A0A8C9GKU8
A0A2I3LMN0	A0A8D2EM07
A0A2I3LMN0	A0A8I3WBI1
A0A2I3LMN0	A5PL27
A0A2I3LMN0	A8K5A4
A0A2I3LMN0	F7GFB4
A0A2I3LMN0	F7INF4
A0A2I3LMN0	G7MJJ3
A0A2I3LMN0	G7NZN4
A0A2I3LMN0	H2PBQ1
A0A2I3LMN0	Q1L857
A0A2I3LMN0	A0A0D9RGD6
A0A2I3LMN0	F7INF0
A0A2I3LMN0	G3RY85
A0A2I3LMN0	H2QNJ9
A0A2I3LMN0	P00450
A0A2I3LMN0	A0A2K5DV27
A0A2I3LMN0	A0A2K5P065
A0A2I3LMN0	A0A2I3TJG5
A0A2I3LMN0	A0A2J8P2T6
A0A2I3LMN0	A0A2J8WSS5
A0A2I3LMN0	A0A2K5XU08
A0A2I3LMN0	A0A2R9B252
A0A2I3LMN0	B7Z5Q2
A0A2I3LMN0	E9PFZ2
A0A2I3LMN0	G3R273
A0A2I3LMN0	A0ABD2F665
A0A2I3LMN0	A0A2K6FEJ6
A0A2I3M223	A0A2I3M223
A0A2I3M223	A0A2I3SMP1
A0A2I3M223	A0A2K5MT17
A0A2I3M223	A0A2K5PWD1
A0A2I3M223	A0A2K5WZ84
A0A2I3M223	A0A2K5XE55
A0A2I3M223	A0A2K6DVN4
A0A2I3M223	A0A2K6SM99
A0A2I3M223	A0A2R9BIJ6
A0A2I3M223	A0A6D2WGY2
A0A2I3M223	A0A8C9HK81
A0A2I3M223	A0A8D2JYI6
A0A2I3M223	E7ES21
A0A2I3M223	A0A1U7T3L6
A0A2I3M223	A0A2J8UBA3
A0A2I3M223	A0A8C5UX23
A0A2I3M223	F7HXI2
A0A2I3M223	A0A2K5CXC2
A0A2K6SK44	A0A2K6SK44
A0A2Y9DQX0	A0A2Y9DQX0
A0A2Y9G245	A0A2Y9G245
A0A3L8S2I5	A0A3L8S2I5
A0A3L8S2I5	A0A674HJQ3
A0A3L8S2I5	A0A218UC75
A0A3L8S2I5	A0A7K5PTD7
A0A3L8S2I5	A0A7K5QSH6
A0A3L8S2I5	A0A7K5T584
A0A3L8S2I5	A0A7K9QPW7
A0A3L8S2I5	A0A7L2ZN73
A0A3L8S2I5	A0A852EMH1
A0A3L8S2I5	A0A852F0R5
A0A3L8S2I5	H0ZMH0
A0A3Q0DJZ2	A0A3Q0DJZ2
A0A3Q7PSH6	A0A3Q7PSH6
A0A3Q7PSH6	A0A7N5JL82
A0A3Q7PSH6	A0A384DEX8
A0A3Q7PSH6	A0A2U3WBP1
A0A3Q7PSH6	A0A384DFH3
A0A3Q7PSH6	A0A3Q7PRX4
A0A3Q7PSH6	A0A3Q7PRY6
A0A3Q7PSH6	A0A3Q7PRZ6
A0A3Q7PSH6	A0A452U7R5
A0A3Q7PSH6	A0A452U7U8
A0A3Q7PSH6	A0A6J2CG19
A0A3Q7PSH6	A0A6J2CHD2
A0A3Q7PSH6	A0A6J2CL08
A0A3Q7PSH6	A0A8C7ERB4
A0A3Q7PSH6	A0A8M1GAF7
A0A3Q7PSH6	A0A8M1GCL1
A0A3Q7PSH6	A0A8M1GD50
A0A3Q7PSH6	A0A8M1GLN0
A0A3Q7PSH6	A0A8U0SKD6
A0A3Q7PSH6	A0A8U0SKE1
A0A3Q7PSH6	A0A9B0GTA3
A0A3Q7PSH6	A0A9X9M0V8
A0A3Q7PSH6	D2HWE5
A0A3Q7PSH6	G1LWZ3
A0A3Q7PSH6	U6D7T1
A0A3Q7PSH6	A0A452U7W9
A0A3Q7PSH6	A0A2Y9JIS2
A0A3Q7PSH6	M3XTM3
A0A3Q7PSH6	A0A8U0MUK2
A0A3Q7PSH6	A0A3Q7Q2X2
A0A3Q7PSH6	A0A3Q7PSB6
A0A3Q7PSH6	A0A6J2CEW7
A0A3Q7PSH6	A0A7F8RVM9
A0A3Q7PSH6	A0A2Y9GUY1
A0A3Q7PSH6	A0A2Y9GWK9
A0A3Q7PSH6	A0A9B0LPL8
A0A401P2Q1	A0A401P2Q1
A0A443HK79	A0A443HK79
A0A4W2DQT0	A0A4W2DQT0
A0A4W2DQT0	A0A4W2FWW6
A0A4W2DQT0	A0A287A5A9
A0A4W2DQT0	A0A2K6FGN3
A0A4W2DQT0	A0A3Q2H1A6
A0A4W2DQT0	A0A4X1VUV8
A0A4W2DQT0	A0A8C0DPE6
A0A4W2DQT0	A0A8C3VR61
A0A4W2DQT0	A0A8C4PU33
A0A4W2DQT0	A0A8C6BZK2
A0A4W2DQT0	A0A8C6D5Q5
A0A4W2DQT0	A0A8C9CWN6
A0A4W2DQT0	A0AAA9T8N3
A0A4W2DWC7	A0A4W2DWC7
A0A4W2DWC7	A0A4W2DBU5
A0A4W2DWC7	A0A4W2DHE5
A0A4W2DWC7	A0A4W2DWA5
A0A4W2DWC7	A0A4W2EYK9
A0A4W2DWC7	A0A4W2FAS1
A0A4W2DWC7	A0A4W2FAT2
A0A4W2DWC7	A0A4W2FC01
A0A4W2DWC7	A0A6P3IW05
A0A4W2DWC7	A0A8B9Y272
A0A4W2DWC7	L8I5R0
A0A4W2DWC7	A0A4W2HDE3
A0A4W2DWC7	A0A6P3IZC2
A0A4W2DWC7	A0A8B9XXB8
A0A4W2DWC7	A0A452EK22
A0A4W2DWC7	A0A452EK60
A0A4W2DWC7	A0A4W2DC19
A0A4W2DWC7	A0A4W2FAR3
A0A4W2DWC7	A0A5N3XJI9
A0A4W2DWC7	A0A5N3WPM9
A0A4W2DWC7	A0A8B9XZF5
A0A4W2DWC7	A0A8B9Y173
A0A4W2DWC7	A0A8C9E519
A0A4W2DWC7	A0A8C6ARV9
A0A4W2DWC7	A0A2U4B9J9
A0A4W2DWC7	A0A2U4B9J5
A0A4W2DWC7	A0A2Y9NTW0
A0A4W2DWC7	A0A2Y9NZN5
A0A4W2DWC7	A0A340YH30
A0A4W2DWC7	A0A341DD36
A0A4W2DWC7	A0A452EK45
A0A4W2DWC7	A0A6J3R9S8
A0A4W2DWC7	A0A6P3THX5
A0A4W2DWC7	A0A8B8XC46
A0A4W2DWC7	A0A9W2WMA0
A0A4W2DWC7	A0AB34H5D5
A0A4W2DWC7	A0A8B8XCE6
A0A4W2DWC7	A0A8C6E234
A0A4W2DWC7	Q9XT27
A0A4W2FZG3	A0A4W2FZG3
A0A4W2FZG3	A0A8C0A7X5
A0A4W2FZG3	F7CKE2
A0A4W2FZG3	G3MXE7
A0A4W2FZG3	A0A2Y9MRM5
A0A4W2FZG3	A0A341C886
A0A4W2FZG3	A0A4X1VT78
A0A4W2FZG3	A0A8C4MZC5
A0A4W2FZG3	A0A8C6BVX4
A0A4W2FZG3	K7GSN7
A0A4W2FZG3	A0A7F8K207
A0A4W5RRC4	A0A4W5RRC4
A0A5E4B8Z6	A0A5E4B8Z6
A0A5E4B8Z6	A0A287D8D5
A0A5E4B8Z6	A0A5E4B7R3
A0A5E4B8Z6	A0A5E4B921
A0A5E4B8Z6	A0A8C5ZRR6
A0A5E4B8Z6	A0A8C5ZS78
A0A5E4B8Z6	A0A8D2GR74
A0A5E4B8Z6	A0A8D2GRG2
A0A5E4B8Z6	I3MQ28
A0A5F4VR85	A0A5F4VR85
A0A5F9CWS6	A0A5F9CWS6
A0A667I7B5	A0A667I7B5
A0A667I7B5	A0A485P2S0
A0A667I7B5	A0A6J1ZMG2
A0A667I7B5	A0A6P6H0G7
A0A667I7B5	A0A8C8XZD6
A0A667I7B5	A0A8C9M7F7
A0A667I7B5	A0A9V1F3U8
A0A667I7B5	A0A673UYD2
A0A669Q7H3	A0A669Q7H3
A0A671DK94	A0A671DK94
A0A671KR19	A0A671KR19
A0A671KR19	A0A672KPZ0
A0A671KR19	A0A671KSE3
A0A671KR19	A0A672KV63
A0A672V5Q9	A0A672V5Q9
A0A672V5W3	A0A672V5W3
A0A672V5W3	A0A672V8V4
A0A672V5W3	A0A672V913
A0A672V5W3	A0A7K4JKX0
A0A672V5W3	A0A7L3N3V9
A0A672V5W3	A0A091IGD7
A0A6I8Q1B1	A0A6I8Q1B1
A0A6J0AHM4	A0A6J0AHM4
A0A6J0AHM4	A0A5N4EKS6
A0A6J0AHM4	A0A6I9I563
A0A6J0AHM4	A0A8B6YLQ4
A0A6J0AHM4	A0A8B7KBX1
A0A6J0AHM4	A0A9W3FAK9
A0A6J0AHM4	A0A9W3H360
A0A6J2L0V5	A0A6J2L0V5
A0A6J2L0V5	A0A6J2L4J3
A0A6J2L0V5	A0A834AT26
A0A6J2L0V5	A0A834AYX2
A0A6J2L0V5	A0A834EI79
A0A6J2L0V5	A0A834EIG3
A0A6J2L0V5	A0A834AUX5
A0A6J2L0V5	A0A834EEN8
A0A6J2L0V5	A0A834EL24
A0A6P5JQK7	A0A6P5JQK7
A0A6P5JQK7	A0A4X2KW49
A0A6P5JQK7	A0A4X2KZ07
A0A6P5JQK7	A0A6P5JT65
A0A6P6DL64	A0A6P6DL64
A0A6P6H0H9	A0A6P6H0H9
A0A6P6H0H9	A0A485P9E3
A0A6P6H0H9	A0A485P6U7
A0A6P6H0H9	A0A8C9K718
A0A6P6H0H9	A0A9V1F3M6
A0A6P6H0H9	A0A9V1F3S8
A0A6P6H0H9	A0A9V1F3T0
A0A6P6H0H9	A0A9W2VM56
A0A6P6H0H9	A0A9W2VMS0
A0A6P6H0H9	A0A8C8Y0N7
A0A6P6H0H9	A0A673UPI8
A0A6P6H0H9	A0A673UZ60
A0A6P6H0H9	A0A6G1AV53
A0A6P7QWS2	A0A6P7QWS2
A0A6P7QWS2	G3X8Q5
A0A6P7QWS2	G3X9T8
A0A6P7QWS2	A0A8C6I3X3
A0A6P7QWS2	A0A6P5PH12
A0A6P7QWS2	A0A8C6I3C0
A0A6P7QWS2	E9PZD8
A0A6P7QWS2	A0A6P7QQ75
A0A6P7QWS2	Q61147
A0A6P7QWS2	A0A8I6A708
A0A6P7QWS2	A0A0G2K9I6
A0A6P7QWS2	A6IHC3
A0A6P7QWS2	A6IHC4
A0A6P7QWS2	G3V7K3
A0A6P7QWS2	Q9JL97
A0A6P7QWS2	P13635
A0A6P7Z8D0	A0A6P7Z8D0
A0A6P8S6G2	A0A6P8S6G2
A0A7G2F6X4	A0A7G2F6X4
A0A7J7EFX8	A0A7J7EFX8
A0A7J7V5R8	A0A7J7V5R8
A0A7J8A4Z2	A0A7J8A4Z2
A0A7J8A4Z2	A0A7J8A507
A0A7J8A4Z2	A0A7J7ZU79
A0A7J8A4Z2	A0A7J7ZVB4
A0A7J8A4Z2	A0A7J8A5B0
A0A7J8A4Z2	G1NW60
A0A7J8HP01	A0A7J8HP01
A0A7J8HP01	A0A6P3RWG0
A0A7J8HP01	A0A6P6C405
A0A7J8HP01	A0A7J8HP15
A0A7J8HP01	A0A7J8HN25
A0A7J8HP01	A0A7J8HN94
A0A7J8HP01	A0A7J8HPX5
A0A7J8HZL0	A0A7J8HZL0
A0A7J8HZL0	A0A7J8HYE9
A0A7K5C3S9	A0A7K5C3S9
A0A7K5C3S9	A0A7K5IE87
A0A7K5C3S9	A0A7K6VEY4
A0A7K5C3S9	A0A7L1MIT5
A0A7K5C3S9	A0A8C3QK36
A0A7K5C3S9	A0A7K5E1W6
A0A7K5C3S9	A0A7K7DUG7
A0A7K5C3S9	A0A7K7LTI9
A0A7K5C3S9	A0A7L0LG53
A0A7K5C3S9	A0A7L1C6B0
A0A7K5C3S9	A0A7L1FVQ4
A0A7K5C3S9	A0A7L1WH20
A0A7K5C3S9	A0A7L1ZS99
A0A7K5C3S9	A0A7L2P6E9
A0A7K5C3S9	A0A7L3MI78
A0A7K5C3S9	A0A850XLB4
A0A7K5C3S9	A0A851SFH4
A0A7K5C3S9	A0A8C3QK90
A0A7K5C3S9	A0A8C3QKD3
A0A7K6AGX9	A0A7K6AGX9
A0A7K6M308	A0A7K6M308
A0A7K6QYN0	A0A7K6QYN0
A0A7K6RML7	A0A7K6RML7
A0A8C5T553	A0A8C5T553
A0A8C5T553	A0A8C5T6H2
A0A8C5T553	A0A8C5T518
A0A8C5T553	A0A8C5X0P6
A0A8C5T553	A0A8C5X0W7
A0A8C5T553	A0A7K6GYX8
A0A8C5T553	A0A8C5T6D4
A0A8C5T553	A0A8C5T6E5
A0A8C5T553	A0A8C5T6A0
A0A8C5T553	A0A8C5X0V9
A0A8C6RY98	A0A8C6RY98
A0A8C6YK65	A0A8C6YK65
A0A8C6YK65	A0A099ZAG1
A0A8C6YK65	A0A7K4KV10
A0A8C6YK65	A0A7K4L5K1
A0A8C6YK65	A0A7K7BCR3
A0A8C6YK65	A0A7K6ZZX8
A0A8C6YK65	A0A851TF25
A0A8C6YK65	A0A7K7W7J6
A0A8C6YK65	A0A8B9QDP2
A0A8C6YK65	A0A8B9Q006
A0A8C6YK65	A0A8B9Q480
A0A8C6YK65	A0A8C6YIZ8
A0A8C6YK65	A0A8C6YLH3
A0A8C6ZPV4	A0A8C6ZPV4
A0A8C6ZPV4	A0A7K4KYJ7
A0A8C6ZPV4	A0A7K4LW18
A0A8C6ZPV4	A0A099ZAQ7
A0A8C6ZPV4	A0A7K7BF80
A0A8C6ZPV4	A0A7K6ZSG4
A0A8C6ZPV4	A0A7K7V8R9
A0A8C6ZPV4	A0A851T7C9
A0A8C6ZPV4	A0A7K7VWE0
A0A8C6ZPV4	A0A8C7EGQ0
A0A8C6ZPV4	A0A8B9PRM2
A0A8C6ZPV4	A0A8B9PR20
A0A8C7EGX0	A0A8C7EGX0
A0A8C7EGX0	A0A8B9PQ49
A0A8C8R5T4	A0A8C8R5T4
A0A8C8RQB2	A0A8C8RQB2
A0A8C8RQB2	A0A8C8RQL2
A0A8C8RQB2	A0A8C8RQM8
A0A8C8VVK4	A0A8C8VVK4
A0A8C8VVK4	A0A8C8VVK6
A0A8C8VVK4	A0A8C2LZT8
A0A8C8VVK4	A0A8C2M193
A0A8C8VVK4	A0A9J7HAH3
A0A8C8VVK4	A0AAU9ZAX6
A0A8C8VVK4	A0AAU9Z964
A0A8C8Z8S5	A0A8C8Z8S5
A0A8C8Z8S5	A0A8C8YX94
A0A8C8Z8S5	A0A8B7HL64
A0A8C8Z8S5	A0A8C8Z1D2
A0A8C9EVF7	A0A8C9EVF7
A0A8C9EVF7	A0A8C9ETT9
A0A8C9EVF7	A0A8C9EVR1
A0A8C9EVF7	A0A8C9ETQ9
A0A8C9EVF7	A0A8C9EVF5
A0A8C9EVF7	A0A2P4T708
A0A8C9EVF7	A0A226N4Z1
A0A8C9EVF7	A0A8C9EWH0
A0A8C9EVF7	A0A8C9EW09
A0A8D0DZS8	A0A8D0DZS8
A0A8D0DZS8	A0A8D0E035
A0A8D0DZS8	A0A8D0E0E1
A0A8D0DZS8	A0A8D0E0G9
A0A8D0DZS8	A0A8D0E0N9
A0A8D0DZS8	A0A8D0E051
A0A8D0DZS8	A0A8D0E0Q9
A0A8D0F6S1	A0A8D0F6S1
A0A8D0F6X0	A0A8D0F6X0
A0A8D0F6X0	A0A8C0ECW9
A0A8D0F6X0	A0A7K8V6D0
A0A8D0F6X0	A0A8C0EDG9
A0A8D0F6X0	A0A8C8AJN7
A0A8D0F6X0	A0A663LKF6
A0A8D0F6X0	A0A7L0RWZ1
A0A8D0F6X0	A0A8D0F4A5
A0A8D0HPU9	A0A8D0HPU9
A0A8D0J9V6	A0A8D0J9V6
A0A8D0J9V6	A0A4X1T0H7
A0A8D0J9V6	A0A8D0P4Z9
A0A8D0J9V6	A0A8D1C933
A0A8D0J9V6	A0A8D1G0V1
A0A8D0J9V6	A0A8D1IJM4
A0A8D0J9V6	A0A8D1LG01
A0A8D0J9V6	A0A8D1RAM8
A0A8D0J9V6	I3LAC9
A0A2K1WT53	A0A2K1WT53
A0A2K1WT53	A0AAJ6XDH2
A0A2K1WT53	B9I6L0
A0A2K1WT53	B9INR6
A0A2K1XDV0	A0A2K1XDV0
A0A2K1XDV0	A0A2K1XDX0
A0A2K1XDV0	A0AAJ6T564
A0A2K1XDV0	A0AAJ6T6A4
A0A2K1XDV0	A0AAJ6TB15
A0A2K1XDV0	A0AAJ6TLI3
A0A2K1XDV0	A0AAJ6TMJ5
A0A2K1XDV0	A0A2K1XDV9
A0A2K1XDV0	U5FKR3
A0A2K1XDV0	A0A2K1XDX7
A0A2K1XHS4	A0A2K1XHS4
A0A2K1YGR3	A0A2K1YGR3
A0A2K1Z8G8	A0A2K1Z8G8
A0A2K1Z8G8	A0A2K1Z8I1
A0A2K1Z8G8	A0A2K2BZT5
A0A2K1Z8G8	A0AAJ6ULM9
A0A2K1Z8G8	A0AAJ6V9I2
A0A2K1Z8G8	B9HPE5
A0A2K1ZDD3	A0A2K1ZDD3
A0A2K1ZDD3	A0AAJ6T4B3
A0A2K1ZDD3	A0AAJ6UTY6
A0A2K1ZDD3	B9HSI5
A0A2K1ZZ60	A0A2K1ZZ60
A0A2K1ZZ60	A0AAJ6TYH7
A0A2K1ZZ60	Q9ZQW2
A0A2K2C0Z1	A0A2K2C0Z1
A0A2K2C0Z1	A0AAJ6XBE3
A0A2K2C1P0	A0A2K2C1P0
A0A2K2C1P0	A0A835JDQ7
A0A2K2C1P0	A0AAJ6X5G4
A0A2K2CM82	A0A2K2CM82
A0A2K2CM82	A0A2K2CM79
A0A2N4UI62	A0A2N4UI62
A0A2N4UI62	A0A2N4U2P9
A0A2N5URQ2	A0A2N5URQ2
A0A2P1NJ17	A0A2P1NJ17
A0A2P2SX51	A0A2P2SX51
A0A2P5B9X6	A0A2P5B9X6
A0A2P5D691	A0A2P5D691
A0A2P5DS45	A0A2P5DS45
A0A2P5DS45	A0A2P5APV2
A0A2P5EXD1	A0A2P5EXD1
A0A2P5FUI4	A0A2P5FUI4
A0A2P5FUI4	A0A2P5CDT5
A0A2P6PRJ9	A0A2P6PRJ9
A0A2P9J7V0	A0A2P9J7V0
A0A2P9J7V2	A0A2P9J7V2
A0A2R4SC90	A0A2R4SC90
A0A2R6QJU9	A0A2R6QJU9
A0A2R6QJU9	A0A2R6P7A6
A0A2R8MAI9	A0A2R8MAI9
A0A2S3HIJ2	A0A2S3HIJ2
A0A2S3HIJ2	A0A2T7DXD5
A0A2S3HIJ2	A0A3L6PEM1
A0A2S3HIJ2	A0A3L6S0Y3
A0A2S3HIJ2	A0A4V6D8M6
A0A2S3HIJ2	A0A8T0TFC0
A0A2S3HIJ2	A0A8T0TUI7
A0A2S3HIJ2	K3XW30
A0A2S3HIJ2	C5Z513
A0A2S3HIJ2	A0A5J9T9E6
A0A2S3HIJ2	A0A811SDX4
A0A2S3HIJ2	A0A811S2J9
A0A2S3HIJ2	B4FTD0
A0A2S3IFP9	A0A2S3IFP9
A0A2S3IFP9	A0A2T7CQK9
A0A2S3IFP9	A0A4U6TI91
A0A2S3IFP9	A0A8T0P9P4
A0A2S3IFP9	A0A8T0PD83
A0A2S3IFP9	A0A8T0PFJ4
A0A2S3IFP9	A0A8T0PNA1
A0A2S3IFP9	K3ZHV1
A0A2S3IFP9	A0ABC9AJW6
A0A2S3IFP9	A0ABC9ALA0
A0A2S3IFP9	A0ABC9ARU1
A0A2S3IFP9	A0ABC9AYT6
A0A2S3IFP9	A0ABC9B0K7
A0A2T6AG15	A0A2T6AG15
A0A2T6AG15	A0A438ADG4
A0A2T6GD39	A0A2T6GD39
A0A2T6GD39	A0A1H4JKD5
A0A2T6GD39	A0A2C9EU40
A0A2T6GD39	A0A7G8YIC5
A0A2T6GD39	A0A7X1PS30
A0A2T6GD39	A0A9Q6N8Z6
A0A2T6GD39	A0AAU7WTB6
A0A2T6GD39	Q4K5B4
A0A2T7E6S2	A0A2T7E6S2
A0A2T7E6S2	A0A2S3H757
A0A2T8IA45	A0A2T8IA45
A0A2T8IA45	A0A2T7CQP3
A0A2T8IA45	A0A3L6PLT6
A0A2U1MD28	A0A2U1MD28
A0A2U1MPY6	A0A2U1MPY6
A0A2U1NF58	A0A2U1NF58
A0A2U1PMT2	A0A2U1PMT2
A0A2U2DN53	A0A2U2DN53
A0A2V1K4I5	A0A2V1K4I5
A0A2W2BHQ7	A0A2W2BHQ7
A0A2Y9DUS0	A0A2Y9DUS0
A0A2Y9DUS0	A0A2Y9DUL1
A0A2Y9DUS0	G3T8F7
A0A7K9TUI7	A0A7K9TUI7
A0A7K9TUI7	A0A7L4N2F7
A0A7K9YKH1	A0A7K9YKH1
A0A7L0MI36	A0A7L0MI36
A0A7L1D079	A0A7L1D079
A0A7L1D079	A0A7K8QBT2
A0A7L1D079	A0A7L1A8S7
A0A7L1D079	A0A7K6Q3B3
A0A7L1D079	A0A7L2RLI5
A0A7L1D079	A0A7K7SRP6
A0A7L1D079	A0A851CK18
A0A7L1D079	A0A851F332
A0A7L1DF51	A0A7L1DF51
A0A7L1NWU1	A0A7L1NWU1
A0A7L1X8T5	A0A7L1X8T5
A0A7L2APF7	A0A7L2APF7
A0A7L2GSY0	A0A7L2GSY0
A0A7L2GSY0	A0A091H7C2
A0A7L2GSY0	A0A7K5Y0F5
A0A7L2GSY0	A0A7L3T191
A0A7L2GSY0	A0A852G2S5
A0A7L2GSY0	A0A091FS75
A0A7L2GSY0	A0A091SRJ9
A0A7L2GSY0	A0A091IVR2
A0A7L2GSY0	A0A093DMX4
A0A7L2GSY0	A0A7L3B2W4
A0A7L2GSY0	A0A093QUR0
A0A7L2GSY0	A0A7K8SQ80
A0A7L2GSY0	A0A2I0LRK9
A0A7L2GSY0	A0A1V4KXW2
A0A7L2GSY0	A0A7K6SY96
A0A7L2GSY0	A0A7L4FLT8
A0A7L2GSY0	A0A672V619
A0A7L2GSY0	A0A850VVS9
A0A7L2GSY0	A0A087V4R6
A0A7L2GSY0	A0A672V7Z8
A0A7L2GSY0	A0A7K9SR40
A0A7L2GSY0	A0A7K5NR71
A0A7L2GSY0	A0A7K5YUE2
A0A7L2GSY0	A0A7K6TRC1
A0A7L2GSY0	A0A7L0FE84
A0A7L2GSY0	A0A851LDN5
A0A7L2GSY0	A0A093BW16
A0A7L2GSY0	A0A7L2V321
A0A7L2GSY0	A0A7L3UDT6
A0A7L2GSY0	A0A850WU96
A0A7L2GSY0	A0ABC9XDL1
A0A7L2GSY0	A0A087RIU2
A0A7L2GSY0	A0A091PIL6
A0A7L2GSY0	A0A091W5P0
A0A7L2GSY0	A0A093L0X5
A0A7L2GSY0	A0A093QUR2
A0A7L2GSY0	A0A094LK85
A0A7L2GSY0	A0A0Q3X9H7
A0A7L2GSY0	A0A7L0AV68
A0A7L2GSY0	A0A7L0P657
A0A7L2GSY0	A0A7L1SIB3
A0A7L2GSY0	A0A7L3JAF3
A0A7L2GSY0	A0A850TEG7
A0A7L2GSY0	A0A851A7G3
A0A7L2GSY0	A0A8B9FDW7
A0A7L2GSY0	A0A8C4V4Q9
A0A7L2GSY0	A0A091M8E1
A0A7L2GSY0	A0A091TDR2
A0A7L2GSY0	A0A091UC01
A0A7L2GSY0	A0A091XI91
A0A7L2GSY0	A0A093FDA1
A0A7L2GSY0	A0A093FED7
A0A7L2GSY0	A0A093LJK0
A0A7L2GSY0	A0A7L3BQP1
A0A7L2GSY0	A0A7L3XJH9
A0A7L2GSY0	A0A672V877
A0A7L2GSY0	A0A7K4SQ33
A0A7L2GSY0	A0A7K4Z428
A0A7L2GSY0	A0A7K5GQY3
A0A7L2GSY0	A0A7K6RNS5
A0A7L2GSY0	A0A7K6W301
A0A7L2GSY0	A0A7K7U8Z3
A0A7L2GSY0	A0A0A0A727
A0A7L2GSY0	A0A7K8K6G7
A0A7L2GSY0	A0A091LNE7
A0A7L2GSY0	A0A7K8LDQ7
A0A7L2GSY0	A0A7K8TTC5
A0A7L2GSY0	A0A7L3YHL4
A0A7L2GSY0	A0A7K9EW14
A0A7L2GSY0	A0A7K9F9C8
A0A7L2GSY0	A0A7K9MS83
A0A7L2GSY0	A0A7K9XU76
A0A7L2GSY0	A0A7L0GNU3
A0A7L2GSY0	A0A7L0HFJ2
A0A7L2GSY0	A0A8C3JMM9
A0A7L2GSY0	A0A7L0SUK3
A0A7L2GSY0	A0A7L0TWZ2
A0A7L2GSY0	A0A094KI86
A0A7L2GSY0	A0A7L4C3V6
A0A7L2GSY0	A0A7L1J295
A0A7L2GSY0	A0A7L1KDE2
A0A7L2GSY0	A0A7L1LD06
A0A7L2GSY0	A0A7L2HN87
A0A7L2GSY0	A0A7L2UWR2
A0A7L2GSY0	A0A7L2WTP9
A0A7L2GSY0	A0A7L3DI04
A0A7L2GSY0	A0A7K7FV02
A0A7L2GSY0	A0A7L4D489
A0A7L2GSY0	A0A7L4GX51
A0A7L2GSY0	A0A7L4M670
A0A7L2GSY0	A0A851PL50
A0A7L2GSY0	A0A7L3GBJ6
A0A7L2GSY0	A0A851XT91
A0A7L2GSY0	A0A7K5FJZ1
A0A7L2GSY0	A0A851YX10
A0A7L2GSY0	A0A8J4KZI0
A0A7L2GSY0	A0A8J4MWD9
A0A7L2GSY0	A0A8J4N9X8
A0A7L2GSY0	A0A8K0FFQ7
A0A7L2GSY0	A0A8S9ENA0
A0A7L2GSY0	A0A8J4K5K2
A0A7L2GSY0	A0A8V5G3H3
A0A7L2GSY0	A0AA40LC46
A0A7L2GSY0	A0AAN7RVA2
A0A7L2GSY0	A0A663EVP5
A0A7L2M648	A0A7L2M648
A0A7L2XV34	A0A7L2XV34
A0A7L2XV34	A0A7K6EU25
A0A7L2XV34	A0A8C5TE04
A0A7L2XV34	A0A8C5TKJ1
A0A7L2XV34	A0A7K6I4V4
A0A7L2XV34	A0A7K7XFQ7
A0A7L2XV34	A0A7K8FYC3
A0A7L2XV34	A0A7K9J135
A0A7L2XV34	A0A091EVT6
A0A7L2XV34	A0A7K5S381
A0A7L2XV34	A0A7K8MDM5
A0A7L2XV34	A0A7K5UWY2
A0A7L2XV34	A0A7K8CC09
A0A7L2XV34	A0A7L1B122
A0A7L2XV34	A0A851E4T9
A0A7L2XV34	A0A7K9W9P4
A0A7L2XV34	A0A8C3EFJ0
A0A7L2XV34	A0A7K8G3M8
A0A7L2XV34	A0A7K8WN94
A0A7L2XV34	A0A7L3PFT7
A0A7L2XV34	A0A851MS22
A0A7L2XV34	A0A7K8YA29
A0A7L2XV34	A0A7K5U0Y2
A0A7L2XV34	A0A7K9Z908
A0A7L2XV34	A0A7L4KI41
A0A7L2YEI5	A0A7L2YEI5
A0A7L2YEI5	A0A7L1HMH6
A0A7L2YEI5	A0A7L0D6L9
A0A7L2YEI5	A0A7L4B5J7
A0A7L3AN20	A0A7L3AN20
A0A7L3L0V3	A0A7L3L0V3
A0A7L3LD45	A0A7L3LD45
A0A7L3WPP4	A0A7L3WPP4
A0A7L4E7W6	A0A7L4E7W6
A0A7L4E7W6	A0A7L1QV17
A0A7L4E7W6	A0A7L1VA93
A0A7M4EIB7	A0A7M4EIB7
A0A7M4EIB7	A0A151NAV0
A0A7M4EIB7	A0A1U7S1C8
A0A7N4V394	A0A7N4V394
A0A7N4V394	A0A7N4P5J8
A0A7N4V394	A0A7N4P9L3
A0A7N4V394	G5EA73
A0A7N5JQ17	A0A7N5JQ17
A0A7N5JQ17	A0A7N5JVE5
A0A7N5JQ17	G1LX02
A0A7N5JQ17	A0A2Y9GUU6
A0A7N5JQ17	A0A384DEW6
A0A7N5JQ17	A0A7F8RV44
A0A7N5JQ17	A0A7N5J8N3
A0A7N5JQ17	A0A7N5JTV5
A0A7N5JQ17	A0A7N5KLY1
A0A7N5JQ17	A0A7N5JPS8
A0A7N5JQ17	A0A2Y9K511
A0A7T1FRB0	A0A7T1FRB0
A0A834DSJ3	A0A834DSJ3
A0A851BZB0	A0A851BZB0
A0A851EXL3	A0A851EXL3
A0A851NDR0	A0A851NDR0
A0A851NLZ2	A0A851NLZ2
A0A851NLZ2	A0A7L0JM40
A0A851NLZ2	A0A7L0VZG6
A0A852CC25	A0A852CC25
A0A852CC25	A0A7K8XLQ3
A0A852CC25	A0A852IEY4
A0A852CI38	A0A852CI38
A0A852CI38	A0A093J2F1
A0A852CI38	A0A7K8XN30
A0A852CI38	A0A7K9BYR1
A0A852CI38	A0A7L2IGE9
A0A852CI38	A0A852IQG1
A0A852CI38	A0A7L1H1M4
A0A852LPH7	A0A852LPH7
A0A852LPH7	A0A7K5A4H5
A0A852MH43	A0A852MH43
A0A852MH43	A0A0Q3USJ1
A0A852MH43	A0A7L3G717
A0A8B7U3F1	A0A8B7U3F1
A0A8B9FCP7	A0A8B9FCP7
A0A8B9S8Z6	A0A8B9S8Z6
A0A8B9S8Z6	A0A093HIT5
A0A8B9S8Z6	A0A8B9Q3A9
A0A8C0H0S2	A0A8C0H0S2
A0A8C0H0S2	A0A8C4Y3Q2
A0A8C0H0S2	A0A674HV32
A0A8C0H0S2	A0A8C3FJ42
A0A8C0L063	A0A8C0L063
A0A8C0L063	A0A8C0THE6
A0A8C0L063	A0A8I3PYI1
A0A8C0L063	A0A2Y9GD49
A0A8C0L063	A0A384DPG9
A0A8C0L063	A0A452SQL3
A0A8C0L063	A0A452URG1
A0A8C0L063	A0A667IXP4
A0A8C0L063	A0A673VJM5
A0A8C0L063	A0A6P6IND0
A0A8C0L063	A0A7F8QU80
A0A8C0L063	A0A8C8XIN3
A0A8C0L063	A0A8C9JQ36
A0A8C0L063	A0A8I3S6F4
A0A8C0L063	A0A8C0TGS5
A0A8C0L787	A0A8C0L787
A0A8C0L787	A0A8C0S5L9
A0A8C0L787	A0A3Q7T3P7
A0A8C0L787	A0A811Y9E9
A0A8C0L787	A0A8C0L3T1
A0A8C0L787	A0A8C0L778
A0A8C0L787	A0A8C0L7F8
A0A8C0L787	A0A8C0MN86
A0A8C0L787	A0A8C0S5U6
A0A8C0L787	A0A8C0S6I8
A0A8C0L787	A0A8C0S6P5
A0A8C0L787	A0A8I3PMF7
A0A8C0L787	A0A8I3PX76
A0A8C0L787	A0A8I3S7F8
A0A8C0L787	A0A8P0SZ88
A0A8C0L787	A0A8P0T942
A0A8C0L787	A0A8P0TB95
A0A8C0L787	A0A3Q7UED8
A0A8C0L787	A0A8C0L3D1
A0A8C0L787	A0A8C0L7E2
A0A8C0L787	A0A8C0L9W8
A0A8C1RI50	A0A8C1RI50
A0A8C2STJ0	A0A8C2STJ0
A0A8C2STJ0	A0A803YAW5
A0A8C2STJ0	A0A8C9EUZ8
A0A8C2STJ0	A0A803XXC4
A0A8C2STJ0	A0A8V0YZM3
A0A8C2STJ0	A0A7K9YEZ6
A0A8C2STJ0	G1MQ95
A0A8C2UPD4	A0A8C2UPD4
A0A8C2UPD4	A0A8C2USN5
A0A8C3LL23	A0A8C3LL23
A0A8C3LL23	A0A669PWH2
A0A8C3LL23	A0A669Q3V2
A0A8C3LL23	A0A669PZR3
A0A8C3LL23	A0A669PWK9
A0A8C3LL23	A0A669Q3T1
A0A8C3LL23	A0A669QFZ7
A0A8C3LL23	A0A669PXJ9
A0A8C3LL23	A0A669QG43
A0A8C3LL23	A0A803YMC9
A0A8C3LL23	A0A803Y243
A0A8C3LL23	A0A8V0X453
A0A8C3LL23	G1NEW3
A0A8C3LL23	A0A8C3LGQ0
A0A8C3LL23	A0A8C3LGS1
A0A8C3LL23	A0A8C3LIU5
A0A8C3LL23	A0A8C3LIT5
A0A8C3LL23	A0A8C3LP28
A0A8C3LL23	A0A8C3PZH5
A0A8C3N872	A0A8C3N872
A0A8C3SZ18	A0A8C3SZ18
A0A8C3SZ18	A0A8C3SVH6
A0A8C3SZ18	A0A4D9E6P7
A0A8C3SZ18	A0A9D4API4
A0A8C3SZ18	A0A8C4WAN2
A0A8C3SZ18	A0A8C0J4Q3
A0A8C3SZ18	A0A8C0J4R0
A0A8C3SZ18	A0A8C0QPG9
A0A8C3SZ18	A0A8C4WGU5
A0A8C3SZ18	K7GBY1
A0A8C3SZ18	K7GBV3
A0A8C3SZ18	A0A674K6B0
A0A8C3SZ18	A0A452IFS5
A0A8C3SZ18	A0A8C3P7Z6
A0A8C4JHD4	A0A8C4JHD4
A0A8C4JHD4	A0A7K8NHY8
A0A8C4Y309	A0A8C4Y309
A0A8C5M8E2	A0A8C5M8E2
A0A8C5RQ90	A0A8C5RQ90
A0A8C5RQ90	A0A6I9YP93
A0A8C5RQ90	A0A0B8RUW1
A0A8C5RQ90	A0A6P9DGE4
A0A8C5RQ90	A0A670Y3J6
A0A8C5RQ90	A0A6J1TPV5
A0A8C5RQ90	A0A8C6Y0U0
A0A0E0LEZ1	A0A0E0LEZ1
A0A0E0MHK4	A0A0E0MHK4
A0A0E0MHK4	A0A0E0BLK2
A0A0E2ZAS2	A0A0E2ZAS2
A0A0E2ZAS2	F2RM44
A0A0E2ZAS2	Q3JEX2
A0A0G3VH35	A0A0G3VH35
A0A0G4LXT6	A0A0G4LXT6
A0A0H4CW03	A0A0H4CW03
A0A0K9NIX1	A0A0K9NIX1
A0A0K9PJ82	A0A0K9PJ82
A0A0K9YQ19	A0A0K9YQ19
A0A0L1JPI7	A0A0L1JPI7
A0A0L9T7U9	A0A0L9T7U9
A0A0L9T7U9	A0A0L9T7X3
A0A0L9T7U9	A0A0S3S8A3
A0A0L9T7U9	A0A0S3S8E0
A0A0L9T7U9	A0A1S3VHH9
A0A0L9T7U9	A0A4D6KM21
A0A0L9T7U9	A0A8T0K4X1
A0A0L9T7U9	A0AA86SUB3
A0A0L9T7U9	A0AAN9LDN5
A0A0L9T7U9	A0AAN9LE70
A0A0L9T7U9	A0AAQ3RI91
A0A0L9T7U9	A0AAQ3RKF4
A0A0L9T7U9	V7BJA0
A0A0L9T7U9	V7BM24
A0A0N0MBW9	A0A0N0MBW9
A0A0N8PRJ1	A0A0N8PRJ1
A0A0P0Y8N9	A0A0P0Y8N9
A0A0P1HNU0	A0A0P1HNU0
A0A0Q3FR98	A0A0Q3FR98
A0A0R0EIZ5	A0A0R0EIZ5
A0A0R0EIZ5	A0A0B2RL59
A0A0R0EIZ5	A0A0R4J4T7
A0A0R0EIZ5	A0A445HCM7
A0A0R0EIZ5	I1NE62
A0A0R0FB38	A0A0R0FB38
A0A0S3RKD8	A0A0S3RKD8
A0A0S3RKD8	A0A1S3U9Q8
A0A0S3RKD8	A0A8B8JJY2
A0A0S3RKD8	I1JID2
A0A0S3RKD8	I1M7Q3
A0A0S3RLG9	A0A0S3RLG9
A0A0S3RLG9	A0A1S3UCA7
A0A0S3RLG9	A0A371FN03
A0A0S3RLG9	A0A8B8JMD9
A0A0S3RLG9	I1JHH8
A0A0S3RLG9	I1MBG2
A0A0S3RUH9	A0A0S3RUH9
A0A0S3RUH9	I1KK82
A0A0S3RUJ8	A0A0S3RUJ8
A0A0S3RV64	A0A0S3RV64
A0A0S3RV64	A0A0L9U6F4
A0A0S3RV64	A0A1S3TE94
A0A0S3RV64	I1N2E7
A0A0S3RV64	I1KZE6
A0A0S3S103	A0A0S3S103
A0A0S3S103	A0A1S3VQ12
A0A0S3S103	A0A8T0L466
A0A0S3S103	A0AAN9RPN1
A0A0S3S103	I1MYY9
A0A0S3S103	G8HKS1
A0A0S3S103	I1LMV1
A0A0S3S103	Q8L4Y3
A0A0S3SWZ9	A0A0S3SWZ9
A0A0S3SWZ9	A0A1S3VEW3
A0A0S3SWZ9	I1J783
A0A0U2U8X8	A0A0U2U8X8
A0A0V8HHP9	A0A0V8HHP9
A0A103XNI8	A0A103XNI8
A0A103XX79	A0A103XX79
A0A165A6U3	A0A165A6U3
A0A172ZMB6	A0A172ZMB6
A0A178UC94	A0A178UC94
A0A178UC94	A0A7G2FA89
A0A178UC94	A0A8S2ALZ7
A0A178UC94	A0A8T1ZAH0
A0A178UC94	A0A8T2CU78
A0A178UC94	A0A8T2DHQ1
A0A178UC94	Q8LPL3
A0A178UC94	R0FLF2
A0A180GVH4	A0A180GVH4
A0A194YR96	A0A194YR96
A0A194YSN6	A0A194YSN6
A0A199UF00	A0A199UF00
A0A1A7PAG2	A0A1A7PAG2
A0A1A7PAG2	A0A0A2Y2F2
A0A1A7PAG2	A0A0A2XJ29
A0A1A7PAG2	A0A0A2XN45
A0A1A7PAG2	A0A0A3A6Y5
A0A1A7PAG2	A0A263JEL3
A0A1A7PAG2	A0AAX3XD56
A0A1A7PAG2	A0AB36DYP5
A0A1A7PAG2	F4HD15
A0A1A7PAG2	U1GPN9
A0A1B4Z1R5	A0A1B4Z1R5
A0A1B6PST5	A0A1B6PST5
A0A1B6PT00	A0A1B6PT00
A0A1C3K3X3	A0A1C3K3X3
A0A1D1XQK1	A0A1D1XQK1
A0A1D1YCF8	A0A1D1YCF8
A0A1D1YEG2	A0A1D1YEG2
A0A1D6IUF2	A0A1D6IUF2
A0A1D6IUF2	A0A804RDS0
A0A1D6N822	A0A1D6N822
A0A1D6N822	C0P5Q0
A0A1D6N822	A0A3L6DTR6
A0A1D6N822	C5XNW9
A0A251ULV0	A0A251ULV0
A0A251ULV0	A0A4P8PIK9
A0A251UN96	A0A251UN96
A0A251UN96	A0A9R1UQT8
A0A251UN96	A0A251UJD8
A0A251UN96	A0A2U1NLG8
A0A251UV95	A0A251UV95
A0A251UWP4	A0A251UWP4
A0A251VG31	A0A251VG31
A0A251VNU6	A0A251VNU6
A0A285BWT3	A0A285BWT3
A0A285BWT3	A0A1H5SSX7
A0A285V2H1	A0A285V2H1
A0A285V2H1	A0A4S8PF00
A0A291EW49	A0A291EW49
A0A291EW49	A0A1B6P9J4
A0A292YNX3	A0A292YNX3
A0A2B7XTR7	A0A2B7XTR7
A0A2C9U306	A0A2C9U306
A0A2C9V979	A0A2C9V979
A0A2C9V9A1	A0A2C9V9A1
A0A2C9VEG7	A0A2C9VEG7
A0A2C9VEP4	A0A2C9VEP4
A0A2C9VEP4	A0A2C9VAR7
A0A2C9VGD7	A0A2C9VGD7
A0A2C9VGU1	A0A2C9VGU1
A0A2C9VKZ2	A0A2C9VKZ2
A0A2C9VN95	A0A2C9VN95
A0A2C9VN95	B9S477
A0A2C9VSK9	A0A2C9VSK9
A0A2C9W2A2	A0A2C9W2A2
A0A2C9WEX8	A0A2C9WEX8
A0A2C9WFJ7	A0A2C9WFJ7
A0A2C9WL83	A0A2C9WL83
A0A2C9WL83	A0A2C9WEP6
A0A2C9WLD4	A0A2C9WLD4
A0A2C9WP72	A0A2C9WP72
A0A2G2XGT8	A0A2G2XGT8
A0A2G2YM27	A0A2G2YM27
A0A2G2YR32	A0A2G2YR32
A0A2G5I8N8	A0A2G5I8N8
A0A2I0A567	A0A2I0A567
A0A2I0AU90	A0A2I0AU90
A0A2I0B5W0	A0A2I0B5W0
A0A2I0BFJ4	A0A2I0BFJ4
A0A2I0CLE1	A0A2I0CLE1
A0A2I0J9A7	A0A2I0J9A7
A0A2I0J9A7	A0A218VRV6
A0A2I0JWR3	A0A2I0JWR3
A0A2I0JWR3	A0A6P8D4J4
A0A2I0VSF3	A0A2I0VSF3
A0A2I0VX42	A0A2I0VX42
A0A2I0VX47	A0A2I0VX47
A0A2I0W6R5	A0A2I0W6R5
A0A2I0WFM0	A0A2I0WFM0
A0A2I0WK83	A0A2I0WK83
A0A2I0WQM7	A0A2I0WQM7
A0A2I0XH45	A0A2I0XH45
A0A2I0XH85	A0A2I0XH85
A0A2I0XH94	A0A2I0XH94
A0A2I4DKY7	A0A2I4DKY7
A0A2I4DVA5	A0A2I4DVA5
A0A2I4DZ29	A0A2I4DZ29
A0A2I4E2B7	A0A2I4E2B7
A0A2I4EG21	A0A2I4EG21
A0A2I4EHF3	A0A2I4EHF3
A0A2I4F2Q9	A0A2I4F2Q9
A0A2I4F2Q9	A0A2I4F2B1
A0A2I4F2Q9	A0A2I4FP16
A0A2I4FAB5	A0A2I4FAB5
A0A2I4FCS6	A0A2I4FCS6
A0A2I4G4Y8	A0A2I4G4Y8
A0A2I4G4Y8	A0A2I4ER79
A0A2I4GK90	A0A2I4GK90
A0A2I4GWC3	A0A2I4GWC3
A0A2I4H2U9	A0A2I4H2U9
A0A2I4H488	A0A2I4H488
A0A2I4H4B7	A0A2I4H4B7
A0A2I4HUJ4	A0A2I4HUJ4
A0A2K1JDP1	A0A2K1JDP1
A0A2K1KE54	A0A2K1KE54
A0A2K1KE54	A0A7I4E4H0
A0A2K1WRR4	A0A2K1WRR4
A0A2K1WRR4	A0A2K1WRQ8
A0A2K1WRR4	A0A2K1WRR6
A0A2K1WRR4	A0A2K1WRS3
A0A2K1WRR4	A0AAJ6T1E7
A0A2K1WRR4	U5FGA2
A0A8D2EHH4	A0A8D2EHH4
A0A8D2JPG2	A0A8D2JPG2
A0A8J1KSY8	A0A8J1KSY8
A0A8J1KSY8	A0A974HKC5
A0A8J1KSY8	A0A1L8GB09
A0A8J6DK72	A0A8J6DK72
A0A8J6FVH6	A0A8J6FVH6
A0A8J7NYP9	A0A8J7NYP9
A0A8J7NYP9	W5M0L7
A0A8K1G5X4	A0A8K1G5X4
A0A8K1G5X4	A0A7K4Y0Y9
A0A8K1G5X4	A0A7K6XL97
A0A8K1G5X4	A0A7K7CTC3
A0A8K1G5X4	A0A7K4VF77
A0A8K1G5X4	A0A7K7GGE4
A0A8K1G5X4	A0A7K7PNR2
A0A8K1G5X4	A0A7K8S9L9
A0A8K1G5X4	A0A7K9JXU1
A0A8K1G5X4	A0A7K9KT61
A0A8K1G5X4	A0A7K9RYJ0
A0A8K1G5X4	A0A7L0QDZ8
A0A8K1G5X4	A0A7L0V0Q2
A0A8K1G5X4	A0A7L1RU52
A0A8K1G5X4	A0A7L2BXC7
A0A8K1G5X4	A0A7L2D8H8
A0A8K1G5X4	A0A7L2EKD8
A0A8K1G5X4	A0A7L2JNC3
A0A8K1G5X4	A0A7L2K3Q4
A0A8K1G5X4	A0A7L2LYL3
A0A8K1G5X4	A0A7L2Y384
A0A8K1G5X4	A0A7L3EBL5
A0A8K1G5X4	A0A7L3H747
A0A8K1G5X4	A0A7L3KPU8
A0A8K1G5X4	A0A7L4J446
A0A8K1G5X4	A0A803VYE2
A0A8K1G5X4	A0A803W7J8
A0A8K1G5X4	U3JRZ7
A0A8K1G5X4	A0A850UZY0
A0A8K1G5X4	A0A851BCR0
A0A8K1G5X4	A0A851K1E2
A0A8K1G5X4	A0A852A8H5
A0A8K1G5X4	A0A852CUL8
A0A8K1G5X4	A0A852HZS4
A0A8K1G5X4	A0A8D2NKP5
A0A8K1G5X4	A0A8D2NM03
A0A8K1G5X4	A0A8D2NNQ0
A0A8K1G5X4	A0A8D2NRQ3
A0A8K1G5X4	A0A8D2QLB9
A0A8K1G5X4	A0A8D2QLU6
A0A8K1G5X4	A0A851TY23
A0A8V5G0V6	A0A8V5G0V6
A0A8V5G0V6	A0A8C6JRI0
A0A8V5G0V6	A0A8C6NEF7
A0A8V5G4K5	A0A8V5G4K5
A0A9B0X2S0	A0A9B0X2S0
A0A9D5H7A2	A0A9D5H7A2
A0AA35P5E5	A0AA35P5E5
A0AA35P5E5	A0A670IMJ3
A0AA35P5E5	A0AA35P7F1
A0AA35P5E5	A0AA35P846
A0AA35P5E5	A0AA35P8M6
A0AA35P5E5	A0A670INU8
A0AA97JJR9	A0AA97JJR9
A0AA97JJR9	A0AA97JGE3
A0AA97JJR9	A0AA97JJD8
A0AA97JJR9	A0AA97JJH2
A0AAD1RBJ1	A0AAD1RBJ1
A0AAD1RBJ1	A0AAD1RBF6
A0AAU9YXW5	A0AAU9YXW5
A0AAV7C746	A0AAV7C746
A0AAV7C946	A0AAV7C946
A0AAV7C946	A0AAV7C8B4
A0AAV7L9X7	A0AAV7L9X7
A0AAX6NQ21	A0AAX6NQ21
A0AAX6NQ21	A0A091DNZ8
A0AAX6NQ21	A0A0P6JFY6
A5YVV0	A5YVV0
C3SAH7	C3SAH7
C3SAH7	E9F648
C3SAH7	A0A0B4F1I0
C3SAH7	A0A0B4F5S2
C3SAH7	A0A0B4GLB5
C3SAH7	A0A0B4HQH6
C3SAH7	E9E686
E9R598	E9R598
F6PQ46	F6PQ46
F6PQ46	A0A8C4N126
F6T3A4	F6T3A4
F7EWN0	F7EWN0
F7EWN0	A0A6I8NF62
F7EWN0	A0A6I8NX63
G3SMS0	G3SMS0
H0VMS1	H0VMS1
H0VMS1	A0A286XCE4
H0WY95	H0WY95
H2VCE2	H2VCE2
I1RF62	I1RF62
I1RF64	I1RF64
I1RMG9	I1RMG9
I6WZK7	I6WZK7
L9KR10	L9KR10
M3XHP8	M3XHP8
M3XHP8	H3AME7
O59896	O59896
P12374	P12374
P17489	P17489
P24792	P24792
P24792	A0A6J1HPZ9
P24792	P37064
P56193	P56193
P78722	P78722
P81445	P81445
Q02079	Q02079
Q02081	Q02081
Q09920	Q09920
Q12570	Q12570
Q4PIF8	Q4PIF8
Q8VXX5	Q8VXX5
Q96WT3	Q96WT3
Q99044	Q99044
Q99044	Q02497
Q99046	Q99046
Q99046	Q12718
Q9ZPY2	Q9ZPY2
U3JNS0	U3JNS0
U3JNS0	A0A218V4I6
U3JNS0	A0A674HVC2
U3JNS0	A0A7K5J7H9
U3JNS0	A0A7K6G0A0
U3JNS0	A0A7L2T5G6
U3JNS0	A0A835NYM7
U3JNS0	A0A8C0ZD57
U3JNS0	A0A7K5E0Q9
U3JNS0	A0A850Z654
U3JNS0	A0A7K5LK20
U3JNS0	A0A7K5MTT7
U3JNS0	A0A7K5R074
U3JNS0	A0A7K6J991
U3JNS0	A0A7K6KNZ7
U3JNS0	A0A7K7H0K7
U3JNS0	A0A7K7Z3Z0
U3JNS0	A0A7K7ZA66
U3JNS0	A0A7K8ACH1
U3JNS0	A0A7K8CV95
U3JNS0	A0A7K8EIV9
U3JNS0	A0A7K8REQ3
U3JNS0	A0A7K7DJI1
U3JNS0	A0A7L0Q7F9
U3JNS0	A0A852AJN1
U3JNS0	A0A8C3N178
U3JNS0	A0A8C9NW67
U3JNS0	A0A7K9GVP1
U3JNS0	A0A7K9LE20
U3JNS0	A0A7K9R3Q2
U3JNS0	A0A7L0VQW0
U3JNS0	A0A7L0YHQ1
U3JNS0	A0A7L1LW12
U3JNS0	A0A7L1PQ08
U3JNS0	A0A7L1QGN2
U3JNS0	A0A7K7DYB1
U3JNS0	A0A7L1S645
U3JNS0	A0A7L1USM3
U3JNS0	A0A7L1WB55
U3JNS0	A0A851RVC0
U3JNS0	A0A7L2DJW8
U3JNS0	A0A7L2ECV1
U3JNS0	A0A7L2FAJ7
U3JNS0	A0A7L2PIH3
U3JNS0	A0A7L2PR79
U3JNS0	A0A7L2ZJN5
U3JNS0	A0A7L3K1Q5
U3JNS0	A0A7L3VDY9
U3JNS0	A0A850XRR4
U3JNS0	A0A852FJC6
U3JNS0	A0A8C3NYW4
U3JNS0	A0A8C3NXK0
U3JNS0	A0A8C3P1J9
U3JNS0	A0A8C3UQC5
U3JNS0	A0A8D2N820
U3JNS0	A0A8C5I8H3
U3JNS0	A0A8K1LDM7
U3JNS0	A0A8D2PFB3
U3JNS0	A0A3L8SIY1
U3JNS0	A0A7K5TBD1
U3JNS0	H0YX55
U3JNS0	A0A851K7X6
U3JNS0	A0A852ELA9
V9K9H2	V9K9H2
V9K9H2	A0A4W3IA63
V9K9H2	A0A4W3I1Y5
V9K9H2	A0A4W3I225
V9K9H2	A0A4W3I8S3
V9K9H2	A0A4W3I4Y8
V9K9H2	A0A4W3IT90
V9K9H2	A0A4W3I8R8
W3X7K0	W3X7K0
A0A022PRX8	A0A022PRX8
A0A022Q819	A0A022Q819
A0A022QCS2	A0A022QCS2
A0A022QFB2	A0A022QFB2
A0A022QG95	A0A022QG95
A0A022RLD6	A0A022RLD6
A0A022RMJ4	A0A022RMJ4
A0A022RPY4	A0A022RPY4
A0A022RPY4	A0A6I9U3H3
A0A022RS36	A0A022RS36
A0A022RS41	A0A022RS41
A0A022RS82	A0A022RS82
A0A022RSG9	A0A022RSG9
A0A022RU64	A0A022RU64
A0A037ZEI0	A0A037ZEI0
A0A058ZV24	A0A058ZV24
A0A058ZVJ3	A0A058ZVJ3
A0A059A669	A0A059A669
A0A059A669	A0A8B8Q7N5
A0A059A808	A0A059A808
A0A059A818	A0A059A818
A0A059A818	A0A059A6Z5
A0A059A9W4	A0A059A9W4
A0A059AAR1	A0A059AAR1
A0A059AGH9	A0A059AGH9
A0A059B1C5	A0A059B1C5
A0A059B4K0	A0A059B4K0
A0A059B8P4	A0A059B8P4
A0A059BSL0	A0A059BSL0
A0A059BT04	A0A059BT04
A0A059BT09	A0A059BT09
A0A059BT09	A0A058ZT69
A0A059BT38	A0A059BT38
A0A059BTY3	A0A059BTY3
A0A059CB59	A0A059CB59
A0A059CB59	A0A059C9X9
A0A059CB59	A0A059CB68
A0A059CB59	A0A059CAT8
A0A059CB59	A0A8B8QH42
A0A059CC14	A0A059CC14
A0A059D2M0	A0A059D2M0
A0A059D4G0	A0A059D4G0
A0A059D4G0	A0A058ZVG8
A0A059D4W9	A0A059D4W9
A0A059D639	A0A059D639
A0A059D6E6	A0A059D6E6
A0A059D6J0	A0A059D6J0
A0A059D6J0	A0A059D6Q6
A0A059D6J0	A0A059D798
A0A059D6J0	A0A8B8PQW2
A0A059D6J0	A0A059D5T5
A0A059D6J0	A0A058ZTN6
A0A059D6L4	A0A059D6L4
A0A059D760	A0A059D760
A0A059D9M4	A0A059D9M4
A0A059DAF0	A0A059DAF0
A0A059DEJ3	A0A059DEJ3
A0A061DH21	A0A061DH21
A0A061DH21	A0A1U8K801
A0A061DH21	A0A1U8KEU3
A0A061DH21	A0A6J1BNA3
A0A061DH21	A0A6P5YH75
A0A061DH21	A0AB32VSG9
A0A061DZ50	A0A061DZ50
A0A061ER06	A0A061ER06
A0A061ER06	A0A6J1AQR8
A0A061ER06	A0AB32V1S4
A0A061ER06	A0A6P5YQR2
A0A061ER66	A0A061ER66
A0A061ERK5	A0A061ERK5
A0A061ERK5	A0A0U2ZR44
A0A061ERK5	A0A1U8IP51
A0A061ERK5	A0A6J1APE8
A0A061ERK5	A0AB32WIE2
A0A061ERK5	A0A6P5YWY0
A0A061ERK5	A0A1U8IUN6
A0A061ERK5	A0A6P6AN35
A0A061FWM6	A0A061FWM6
A0A061GX25	A0A061GX25
A0A061GX25	A0A6J0ZT23
A0A061GX25	A0AB32WSI9
A0A061GY08	A0A061GY08
A0A061GY08	A0A6J0ZWR6
A0A061GY08	A0AB32UTI7
A0A061GYR4	A0A061GYR4
A0A061GYR4	A0A6P5XVL7
A0A061GYR4	A0AB32WYW0
A0A067EBE7	A0A067EBE7
A0A067EJ05	A0A067EJ05
A0A067EMA2	A0A067EMA2
A0A067ES60	A0A067ES60
A0A067EVQ5	A0A067EVQ5
A0A067EVR0	A0A067EVR0
A0A067FJR6	A0A067FJR6
A0A067FJR6	A0AAP0QX73
A0A067FJR6	V4W1A1
A0A067FNZ7	A0A067FNZ7
A0A067FUC0	A0A067FUC0
A0A067G0F5	A0A067G0F5
A0A067GBZ0	A0A067GBZ0
A0A067H3D4	A0A067H3D4
A0A067L397	A0A067L397
A0A067L3K4	A0A067L3K4
A0A067XMP0	A0A067XMP0
A0A067XMP2	A0A067XMP2
A0A5N6RQW2	A0A5N6RQW2
A0A5P1FUT3	A0A5P1FUT3
A0A5P1FVY4	A0A5P1FVY4
A0A5P1FWQ3	A0A5P1FWQ3
A0A5P6P8Q1	A0A5P6P8Q1
A0A5P6P8Q1	A0A0A3Y6D5
A0A5P6P8Q1	A0A0R3CAV8
A0A5P6P8Q1	A0A176YQM0
A0A5P6P8Q1	A0A176ZGW6
A0A5P6P8Q1	A0A1C3VC81
A0A5P6P8Q1	A0A1L3F626
A0A5P6P8Q1	A0A1Y2JPN5
A0A5P6P8Q1	A0A4Y9KVZ2
A0A5P6P8Q1	A0A5S4YGN0
A0A5P6P8Q1	A0A7Z0TQK3
A0A5P6P8Q1	A0A9X1UI38
A0A5P6P8Q1	A0AA87W1R3
A0A5P6P8Q1	A0AAE5WXV8
A0A5P6P8Q1	A0AAE9NBX3
A0A5Q3S063	A0A5Q3S063
A0A5R9EZ09	A0A5R9EZ09
A0A5S5BXK6	A0A5S5BXK6
A0A665VBY8	A0A665VBY8
A0A671E9L3	A0A671E9L3
A0A673CLX6	A0A673CLX6
A0A678THS0	A0A678THS0
A0A6A1UIM6	A0A6A1UIM6
A0A6A1UIR3	A0A6A1UIR3
A0A6A2XC78	A0A6A2XC78
A0A6A3CBS5	A0A6A3CBS5
A0A6A3D0I7	A0A6A3D0I7
A0A6A3D0I7	A0A6A3B3Z0
A0A6A3D0I7	A0A6A2ZHM8
A0A6A3D0I7	A0A9W7I7F3
A0A6A6KIS0	A0A6A6KIS0
A0A6A6MFW9	A0A6A6MFW9
A0A6G1C7C4	A0A6G1C7C4
A0A6G1CQ78	A0A6G1CQ78
A0A6G3ZUU3	A0A6G3ZUU3
A0A6I4VVS6	A0A6I4VVS6
A0A6I6UTI7	A0A6I6UTI7
A0A6I8N2H4	A0A6I8N2H4
A0A6I8N2H4	A0A6I8PKQ2
A0A6I9R289	A0A6I9R289
A0A6I9R502	A0A6I9R502
A0A6I9R502	A0A8B9A867
A0A6I9R6I5	A0A6I9R6I5
A0A6I9R8T4	A0A6I9R8T4
A0A6I9R8T4	A0A6I9R8F3
A0A6I9R8T4	A0A8B7BUF6
A0A6I9RA79	A0A6I9RA79
A0A6I9RAN9	A0A6I9RAN9
A0A6I9RCC5	A0A6I9RCC5
A0A6I9RRL8	A0A6I9RRL8
A0A6I9RRL8	A0A8B7C5K6
A0A6I9RRZ7	A0A6I9RRZ7
A0A6I9RY77	A0A6I9RY77
A0A6I9S4J0	A0A6I9S4J0
A0A6I9S4J0	A0A6I9S3C3
A0A6I9SYX3	A0A6I9SYX3
A0A6I9T088	A0A6I9T088
A0A6I9T209	A0A6I9T209
A0A6I9T248	A0A6I9T248
A0A6I9T8Y0	A0A6I9T8Y0
A0A6I9TCU3	A0A6I9TCU3
A0A6I9TDC7	A0A6I9TDC7
A0A6I9TIF6	A0A6I9TIF6
A0A6I9TNL3	A0A6I9TNL3
A0A6I9TQA3	A0A6I9TQA3
A0A6I9TWP3	A0A6I9TWP3
A0A6I9U1Y2	A0A6I9U1Y2
A0A6I9U3A9	A0A6I9U3A9
A0A6I9U6H3	A0A6I9U6H3
A0A6I9UKE5	A0A6I9UKE5
A0A6I9UKM9	A0A6I9UKM9
A0A6I9ULA8	A0A6I9ULA8
A0A6I9UNP0	A0A6I9UNP0
A0A6J0DJW6	A0A6J0DJW6
A0A6J0DJW6	A0A8C2MMP7
A0A6J0DJW6	A0A9J7H735
A0A6J0DJW6	Q9Z0Z4
A0A6J0DJW6	A0A6P5P8K3
A0A6J0DJW6	A6IQ46
A0A6J0DJW6	Q920H8
A0A6J0K4K8	A0A6J0K4K8
A0A6J0K4K8	Q8VZA1
A0A6J0K4K8	A0A078I3A3
A0A6J0K4K8	A0A078JE27
A0A6J0K4K8	A0A087G4H5
A0A6J0K4K8	A0A0D3AHK9
A0A6J0K4K8	A0A6J0KJT3
A0A6J0K4K8	D7LWM0
A0A6J0K4K8	M4CZ93
A0A6J0K4K8	M4EJ78
A0A6J0K4K8	V4L998
A0A6J0KZU2	A0A6J0KZU2
A0A6J0KZU2	A0A078FI62
A0A6J0KZU2	A0A6J0K9L3
A0A6J0KZU2	D7LYE0
A0A6J0KZU2	Q9FLB5
A0A6J0KZU2	V4N4V7
A0A6J0L4T1	A0A6J0L4T1
A0A6J0L4T1	A0A078F801
A0A6J0L4T1	A0A6J0ME42
A0A6J0L4T1	M4DUS6
A0A6J0L4T1	V4LIT5
A0A6J0L4T1	Q9FJD5
A0A6J0L4T1	A0A1P8BCG5
A0A6J0L4T1	A0A1P8BCH1
A0A6J0L4T1	D7MT54
A0A6J0L4T1	M4CR42
A0A6J0L4T1	A0A087GCD7
A0A6J0L4T1	M4CE84
A0A6J0L4T1	A0A078H1D8
A0A1D8PPE6	A0A1D8PPE6
A0A1E3L223	A0A1E3L223
A0A1E3NQG0	A0A1E3NQG0
A0A1E4TKP0	A0A1E4TKP0
A0A1E4TYW6	A0A1E4TYW6
A0A1G5ZW48	A0A1G5ZW48
A0A1G5ZW48	A0A562MQ70
A0A1G5ZW48	A0A8E2W7L0
A0A1G5ZW48	A0AB38TLM4
A0A1G5ZW48	E8TP13
A0A1G5ZW48	F7Y074
A0A1G8Q522	A0A1G8Q522
A0A1G9G9E4	A0A1G9G9E4
A0A1H1DUY6	A0A1H1DUY6
A0A1H2RLL0	A0A1H2RLL0
A0A1H6LTP8	A0A1H6LTP8
A0A1H8E2A8	A0A1H8E2A8
A0A1H8E2A8	A0A1H9Z1T2
A0A1H8E2A8	A0A1I4ES61
A0A1H9I5W4	A0A1H9I5W4
A0A1H9I5W4	A0A2V4IJP0
A0A1H9I5W4	A0A7W2PWM4
A0A1H9I5W4	A0A923G524
A0A1H9I5W4	A0AAJ5SU82
A0A1I3RXM8	A0A1I3RXM8
A0A1I6WK82	A0A1I6WK82
A0A1I6WK82	A0A0A0ED94
A0A1I6WK82	A0A1I1J770
A0A1I6WK82	A0A1U7D2J8
A0A1I6WK82	A0A917WDF8
A0A1J3HV58	A0A1J3HV58
A0A1J3HV58	A0A1J3IRP3
A0A1J3HV58	A0A6D2LIQ0
A0A1J6HZI8	A0A1J6HZI8
A0A1J6IC53	A0A1J6IC53
A0A1J6IC53	A0A1S4C5K8
A0A1J6IC53	A0A1U7X6B2
A0A1J6IC53	A0A2G2YKB5
A0A1J6IC53	A0A3Q7IJ82
A0A1J6IC53	M1BNM6
A0A1J6IQQ6	A0A1J6IQQ6
A0A1J6IQQ6	A0A314L5Y3
A0A1J6IQQ6	M1AH62
A0A1J6IQQ6	M1AHJ4
A0A1J6IQQ6	A0AAV9LY66
A0A1J6IS00	A0A1J6IS00
A0A1J6IS00	A0A1S4BSK1
A0A1J6IS00	A0A1S4D2Z2
A0A1J6IS00	A0A1U7XD26
A0A1J6J8D9	A0A1J6J8D9
A0A1J6J8D9	A0A1U7XBV9
A0A1J6J8D9	A0A1S3ZDN5
A0A1J6J8D9	A0A1S4AVM8
A0A1J6J8D9	A0A3Q7GM06
A0A1J6J8D9	A0A2G3AAY1
A0A1J6J8D9	A0AAF0R108
A0A1J6J8V9	A0A1J6J8V9
A0A1J6K8U7	A0A1J6K8U7
A0A1J7H3N3	A0A1J7H3N3
A0A1M5KFA9	A0A1M5KFA9
A0A1M5T1I7	A0A1M5T1I7
A0A1M7NXL7	A0A1M7NXL7
A0A1N6GQM6	A0A1N6GQM6
A0A1N6GQM6	A0A1G5SH52
A0A1N7JFH4	A0A1N7JFH4
A0A1P8B4M6	A0A1P8B4M6
A0A1P8B4M6	A0A1P8B4N7
A0A1P8B4M6	A0A1P8B4N8
A0A1P8B4M6	O65670
A0A1Q3CDC1	A0A1Q3CDC1
A0A1Q8CW41	A0A1Q8CW41
A0A1Q8EKB1	A0A1Q8EKB1
A0A1Q8EKB1	Q06006
A0A1Q8EKB1	A0AAD1E9Q1
A0A1Q8EKB1	A0AAJ0ZQZ9
A0A1Q8EKB1	A0AAP9VTC3
A0A1Q8EKB1	A0AAX3FVM8
A0A1Q8EKB1	A0AB33WWZ8
A0A1Q8EKB1	A0AB34BY47
A0A1Q8EKB1	J7G318
A0A1Q8EKB1	A0A0D5XT08
A0A1R1F433	A0A1R1F433
A0A1R3HB26	A0A1R3HB26
A0A1R3HB26	A0A1R3J9E8
A0A1R3HZE3	A0A1R3HZE3
A0A1R3IW35	A0A1R3IW35
A0A1S2XMI1	A0A1S2XMI1
A0A1S2XQH5	A0A1S2XQH5
A0A1S2Y8A2	A0A1S2Y8A2
A0A1S2Y8A2	A0A072V7M6
A0A1S2Y8Y5	A0A1S2Y8Y5
A0A1S2Y8Y5	A0A1S2Y7B2
A0A1S2YBP8	A0A1S2YBP8
A0A1S2YLV2	A0A1S2YLV2
A0A1S2YM59	A0A1S2YM59
A0A1S2Z3G7	A0A1S2Z3G7
A0A1S3B5F2	A0A1S3B5F2
A0A1S3B5F2	A0A0A0LDP1
A0A1S3B5W8	A0A1S3B5W8
A0A1S3BPD5	A0A1S3BPD5
A0A1S3C5Y0	A0A1S3C5Y0
A0A1S3CK53	A0A1S3CK53
A0A1S3CK53	A0A0A0LXL0
A0A1S3TED8	A0A1S3TED8
A0A1S3TED8	A0A0S3RUL1
A0A1S3TSJ9	A0A1S3TSJ9
A0A1S3TU31	A0A1S3TU31
A0A1S3TUB6	A0A1S3TUB6
A0A1S3UAA5	A0A1S3UAA5
A0A1S3UYQ5	A0A1S3UYQ5
A0A1S3UYQ5	A0A0S3SNG5
A0A1S3V519	A0A1S3V519
A0A1S3V519	A0A0S3SNH9
A0A1S3VB09	A0A1S3VB09
A0A1S3VB09	A0A0S3SWP4
A0A1S3VDJ5	A0A1S3VDJ5
A0A1S3VDJ5	A0A0S3SWM8
A0A1S3VS56	A0A1S3VS56
A0A1S3VS56	A0A8B8M046
A0A1S3VS56	I1J8U2
A0A1S3VS56	K7LNF9
A0A1S3YSD9	A0A1S3YSD9
A0A1S3YSD9	A0A1J6KAY0
A0A1S3Z8C4	A0A1S3Z8C4
A0A1S3Z8C4	A0A1J6HWV4
A0A1S3Z8C4	A0A1S4CY68
A0A1S3Z8C4	A0A1U7VZ40
A0A1S3Z8C4	A0A3Q7HN82
A0A1S3Z8C4	M1C7N6
A0A1S3ZPS5	A0A1S3ZPS5
A0A1S3ZPS5	A0A1S4A0A1
A0A1S3ZPS5	A0A1S4BM88
A0A1S3ZPS5	A0A1U7WF27
A0A1S3ZPS5	A0A1U7Y4Q7
A0A1S3ZPS5	A0A1U8FN70
A0A1S3ZPS5	A0A314L3C2
A0A1S3ZPS5	M0ZVH7
A0A1S3ZPS5	M0ZVH8
A0A1S3ZPS5	M0ZVH9
A0A1S3ZPS5	M0ZVI0
A0A1S4BQU3	A0A1S4BQU3
A0A1S4BQU3	A0A1J6IKV1
A0A1S4BQU3	A0A1U7X913
A0A1S4BQU3	M1BTE6
A0A1T5GHZ5	A0A1T5GHZ5
A0A1U7VF09	A0A1U7VF09
A0A1U7VF09	A0A1S4A1F3
A0A1U7VF09	M0ZJ55
A0A1U7VF09	A0A3Q7HAI4
A0A1U7W627	A0A1U7W627
A0A1U7W627	A0A1S3XXX2
A0A1U7W627	A0A1J6I093
A0A1U7W627	A0A1S3ZBI7
A0A1U7W627	A0A1S4A2U6
A0A1U7W627	A0A1U7Y325
A0A1U7W627	A0A2G2YM91
A0A1U7XCH5	A0A1U7XCH5
A0A1U7XCH5	A0A1J6HYM7
A0A1U7XF26	A0A1U7XF26
A0A1U7XF26	A0A1S4AXN4
A0A1U7XRE7	A0A1U7XRE7
A0A1U7XRE7	A0A1S3X1B5
A0A1U7Y3B9	A0A1U7Y3B9
A0A1U7Y3B9	A0A1J6IST1
A0A1U7Y3B9	A0A1S4BUY3
A0A1U7Y3B9	A0A1S4DRZ9
A0A1U7Z365	A0A1U7Z365
A0A1U7ZJC9	A0A1U7ZJC9
A0A1U7ZRK6	A0A1U7ZRK6
A0A1U7ZT53	A0A1U7ZT53
A0A1U7ZTJ4	A0A1U7ZTJ4
A0A1U8A4F3	A0A1U8A4F3
A0A1U8A4F3	A0A1U8AJP9
A0A1U8A6K1	A0A1U8A6K1
A0A1U8A7R9	A0A1U8A7R9
A0A1U8ABI5	A0A1U8ABI5
A0A1U8AP82	A0A1U8AP82
A0A1U8APH7	A0A1U8APH7
A0A1U8AW85	A0A1U8AW85
A0A1U8E4W1	A0A1U8E4W1
A0A1U8E4W1	A0A1J6IKW0
A0A1U8E4W1	A0A1U7YIE7
A0A1U8E4W1	P93366
A0A1U8E4W1	M1BTD2
A0A1U8E4W1	A0A3Q7I0R7
A0A1U8GQI4	A0A1U8GQI4
A0A1U8GQI4	M1CL09
A0A1U8GQI4	A0A2G2ZJK7
A0A1U8GQI4	M1CLA2
A0A1U8GQI4	A0A1S3ZAR9
A0A1U8GQI4	A0A1J6IF84
A0A1U8GQI4	A0A1S3X9A9
A0A1U8GQI4	A0A1S3YVI1
A0A1U8GQI4	A0A1S3ZB01
A0A1U8GQI4	A0A1S3ZBF1
A0A1U8GQI4	A0A1U7VBN1
A0A1U8GQI4	A0A1U7VN29
A0A1U8GQI4	A0A1U7X9A3
A0A1U8GQI4	A0A1U8GQ91
A0A1U8GQI4	A0A1J6K983
A0A1U8GQI4	M1CL08
A0A1U8H2P0	A0A1U8H2P0
A0A1U8HGJ1	A0A1U8HGJ1
A0A1U8HGJ1	A0A1U8HGP7
A0A1U8HGJ1	A0A5D2ZWE2
A0A1U8HGJ1	A0A1U8NRF1
A0A1U8IU72	A0A1U8IU72
A0A1U8IU72	A0A1U8IUB8
A0A1U8IU72	A0A1U8PRQ6
A0A1U8J6E4	A0A1U8J6E4
A0A1U8JU63	A0A1U8JU63
A0A1U8KBE9	A0A1U8KBE9
A0A1U8KBE9	A0A0D2TVN3
A0A1U8KBE9	A0A1U8KCB7
A0A1U8KBE9	A0A5D2CP50
A0A1U8KBE9	A0A5D2L054
A0A1U8KBE9	A0A5D2V176
A0A1U8KBE9	A0A5J5RHA5
A0A1U8KBE9	A0A5J5VT02
A0A1U8KBE9	A0A1U8PEQ9
A0A1U8KBE9	A0A1U8PC78
A0A1U8KBE9	A0A5D2GK98
A0A1U8KBE9	A0A5J5VW87
A0A1U8KBE9	A0A7J8SD02
A0A1U8KBE9	A0A7J8V9V1
A0A1U8KBE9	A0A7J9CC46
A0A1U8KBE9	A0A7J9ERC4
A0A1U8KLS0	A0A1U8KLS0
A0A1U8KLS0	A0A1U8KAA6
A0A1U8KMK6	A0A1U8KMK6
A0A1U8KMK6	A0A061FAR0
A0A1U8KMK6	A0A061GXT0
A0A1U8KMK6	A0A6J1AKX0
A0A1U8KMK6	A0AB32WPW8
A0A1U8KMK6	A0AB32WYZ2
A0A1U8KMK6	A0A5D2GFU4
A0A1U8KMK6	A0A1U8JJU3
A0A1U8KMK6	A0A1U8PH49
A0A1U8KMK6	A0A6P5ZTH0
A0A1U8KMK6	A0A6P5XRH5
A0A1U8KPM3	A0A1U8KPM3
A0A1U8L2E8	A0A1U8L2E8
A0A1U8M798	A0A1U8M798
A0A1U8M798	A0A1U8I7J8
A0A1U8M7M4	A0A1U8M7M4
A0A1U8MRN9	A0A1U8MRN9
A0A1U8MRN9	A0A1U8M0J7
A0A1U8N3J3	A0A1U8N3J3
A0A1U8N3J3	A0A0D2PGU0
A0A1U8N3J3	A0A1S5QMW4
A0A1U8N3J3	A0A1U8PUH5
A0A1U8N3J3	A0A2P5XV02
A0A1U8N3J3	A0A5D2BRC8
A0A1U8N3J3	A0A5D2FPL9
A0A1U8N3J3	A0A5D2JYQ1
A0A1U8N3J3	A0A5D2PJ90
A0A1U8N3J3	A0A5D2U138
A0A1U8N3J3	A0A5D2YC93
A0A1U8N3J3	A0A5D2YF74
A0A1U8N3J3	A0A5J5QHX6
A0A1U8N3J3	A0A5J5UUN3
A0A1U8N3J3	A0A5J5UUR0
A0A1U8N3J3	A0A9D3VZ79
A0A1U8N760	A0A1U8N760
A0A1U8NGF7	A0A1U8NGF7
A0A1U8NIT6	A0A1U8NIT6
A0A1U8NIT6	A0A1U8IPW4
A0A1U8NIW6	A0A1U8NIW6
A0A1U8NIW6	A0A1U8IW08
A0A1U8NIW6	A0A1U8NJH4
A0A1U8NK62	A0A1U8NK62
A0A1U8NK62	A0A1U8JEE8
A0A1U8NLT0	A0A1U8NLT0
A0A1U8NLT0	A0A1U8IPP3
A0A1U8NR04	A0A1U8NR04
A0A1U8NR04	A0A1U8HH07
A0A1U8NR04	A0A061GX90
A0A1U8NR04	A0A6J0ZTF6
A0A1U8NR04	A0A6P5XQW3
A0A1U8NR04	A0AB32X1T9
A0A1U8NR04	A0A6P5ZIT7
A0A1U8NST9	A0A1U8NST9
A0A1U8NST9	A0A1U8M9J5
A0A1U8PD72	A0A1U8PD72
A0A1U8PD72	A0A1U8MWH0
A0A1U8PIT2	A0A1U8PIT2
A0A1U8PIT2	A0A1U8K718
A0A1U8PKA9	A0A1U8PKA9
A0A1U8PKA9	A0A1U8JKC8
A0A1U8Q629	A0A1U8Q629
A0A1U8Q629	A0A1U8Q4P3
A0A1X2EFH0	A0A1X2EFH0
A0A1X6Y6A0	A0A1X6Y6A0
A0A1X6YG69	A0A1X6YG69
A0A1X6YG69	A0A285J1A6
A0A1X6ZZ57	A0A1X6ZZ57
A0A1Y3PTT1	A0A1Y3PTT1
A0A1Y5TBA6	A0A1Y5TBA6
A0A1Z5RPA1	A0A1Z5RPA1
A0A200QTJ4	A0A200QTJ4
A0A200R7P4	A0A200R7P4
A0A212KJC9	A0A212KJC9
A0A218VYX8	A0A218VYX8
A0A218W0W3	A0A218W0W3
A0A218W4W5	A0A218W4W5
A0A221K6H0	A0A221K6H0
A0A246F6I0	A0A246F6I0
A0A246F6I0	A0A5R9AEQ3
A0A246F6I0	A0A5R9R259
A0A246F6I0	A0A6G6J5Z8
A0A246F6I0	A0A7Z3BHK4
A0A251MT75	A0A251MT75
A0A251MT84	A0A251MT84
A0A251RSM2	A0A251RSM2
A0A251RXC7	A0A251RXC7
A0A251S631	A0A251S631
A0A251S631	A0A9K3DYL6
A0A251S631	A0A251S5I3
A0A251SM64	A0A251SM64
A0A251T2H3	A0A251T2H3
A0A251T2Y5	A0A251T2Y5
A0A251T2Y5	A0A251VEE3
A0A251T2Y5	A0A251VCG0
A0A251THZ1	A0A251THZ1
A0A251TKX2	A0A251TKX2
A0A251TUB0	A0A251TUB0
A0A251U5N1	A0A251U5N1
A0A251U658	A0A251U658
A0A251U683	A0A251U683
A0A251U6J2	A0A251U6J2
A0A251U6K0	A0A251U6K0
A0A251U7J0	A0A251U7J0
A0A251U9I9	A0A251U9I9
A0A251U9I9	A0A251U856
A0A251U9I9	A0A9R1WSW3
A0A251U9I9	A0A9R1UD64
A0A251UA31	A0A251UA31
A0A251UA31	A0A9R1WRN5
A0A251UCH0	A0A251UCH0
A0A4V3Z507	A0A4V3Z507
A0A4W2BTR4	A0A4W2BTR4
A0A4X2KZ53	A0A4X2KZ53
A0A4Y1RPP5	A0A4Y1RPP5
A0A4Y3PPL7	A0A4Y3PPL7
A0A4Y3WSC5	A0A4Y3WSC5
A0A4Y5RT09	A0A4Y5RT09
A0A4Y6F0M8	A0A4Y6F0M8
A0A4Y8IST5	A0A4Y8IST5
A0A4Y9SK24	A0A4Y9SK24
A0A4Y9SK24	A0A6L8K531
A0A4Z1CHT7	A0A4Z1CHT7
A0A517I632	A0A517I632
A0A517I632	C0ZCY5
A0A517I632	A0A2P7VKA7
A0A517I632	A0A2Z4MI66
A0A540NAX4	A0A540NAX4
A0A540R8M7	A0A540R8M7
A0A543EH91	A0A543EH91
A0A543EH91	A0A3D9CUM6
A0A543EH91	A0A3G6TH26
A0A543EH91	A0A5B2U2G7
A0A553GZU7	A0A553GZU7
A0A563DL87	A0A563DL87
A0A565CT27	A0A565CT27
A0A565CT27	A0A087G909
A0A565CTK4	A0A565CTK4
A0A565CTK4	A0A087G910
A0A5B0EE99	A0A5B0EE99
A0A5B0QCI3	A0A5B0QCI3
A0A5B0QCI3	A0A5B0MHA3
A0A5B7AGX6	A0A5B7AGX6
A0A5B7AMV1	A0A5B7AMV1
A0A5B8KWH9	A0A5B8KWH9
A0A5B8VD08	A0A5B8VD08
A0A5C4NET9	A0A5C4NET9
A0A5C6GP30	A0A5C6GP30
A0A5C6GP30	A0A166XCV3
A0A5C7GXL8	A0A5C7GXL8
A0A5C7GXL8	A0A5C7HMW9
A0A5C7GXL8	A0AA39SJK2
A0A5C7GXL8	A0AA39VNC7
A0A5C7GXL8	A0AAD9XP76
A0A5C7GXL8	A0AAD9XPJ7
A0A5C7GXL8	A0AAE0AE64
A0A5C7H816	A0A5C7H816
A0A5C7H816	A0AA39RMD5
A0A5C7IWC7	A0A5C7IWC7
A0A5C7IWC7	A0AA39T343
A0A5C7IWC7	A0AAD9WRH3
A0A5C7IWC7	A0AAE0A8R7
A0A5C7J0A3	A0A5C7J0A3
A0A5C7VYN2	A0A5C7VYN2
A0A5C7VYN2	A0A1H8KKI7
A0A5D4XK27	A0A5D4XK27
A0A5D4XK27	A0A5C5UCF7
A0A5F9C5Z9	A0A5F9C5Z9
A0A5J5BS91	A0A5J5BS91
A0A5J6CXR8	A0A5J6CXR8
A0A5L4PUB3	A0A5L4PUB3
A0A5N5EZS1	A0A5N5EZS1
A0A5N5FQB7	A0A5N5FQB7
A0A5N5FXK8	A0A5N5FXK8
A0A5N6LBS3	A0A5N6LBS3
A0A5N6M0Y3	A0A5N6M0Y3
A0A5N6M0Y3	A0A251TBY5
A0A5N6ML96	A0A5N6ML96
A0A2Z2BJT1	A0A2Z2BJT1
A0A2Z6E6W8	A0A2Z6E6W8
A0A314KTF7	A0A314KTF7
A0A318S7K1	A0A318S7K1
A0A327JSK7	A0A327JSK7
A0A327L719	A0A327L719
A0A371ECN1	A0A371ECN1
A0A371ES27	A0A371ES27
A0A371ES27	A0A371GTG1
A0A371ES27	A0A151QXD6
A0A371ES27	A0AAN9JXH5
A0A371F6H7	A0A371F6H7
A0A371F6H7	A0A8B8LB38
A0A371F6H7	I1KK09
A0A371F6H7	A0A0R0J930
A0A371F6H7	A0A0S3RVE0
A0A371F6H7	A0A1S3TS41
A0A371F6H7	I1N2J2
A0A371H0U5	A0A371H0U5
A0A371H0U5	A0A8B8JJM1
A0A371H0U5	A0A1S3UBY6
A0A371H0U5	A0A0S3RKN2
A0A371H0U5	I1M7Y1
A0A371I004	A0A371I004
A0A371IHZ2	A0A371IHZ2
A0A379B2B5	A0A379B2B5
A0A379IMZ9	A0A379IMZ9
A0A380MLF2	A0A380MLF2
A0A385JIB4	A0A385JIB4
A0A385JIB4	A0AAJ6XVA4
A0A385JIB4	B9HP74
A0A385JIB4	A0A2K2C375
A0A385JIB4	A0A835JB15
A0A385JIB4	A0AAJ6UT88
A0A3A1UWW5	A0A3A1UWW5
A0A3B5ZNB4	A0A3B5ZNB4
A0A3B5ZNB4	A0A3B5XTW6
A0A3B5ZNB4	A0A3B5YRN0
A0A3B5ZNB4	A0A8I6WGV1
A0A3B5ZNF6	A0A3B5ZNF6
A0A3B5ZNV5	A0A3B5ZNV5
A0A3B6AWJ7	A0A3B6AWJ7
A0A3B6AWJ7	A0A3B6C3T0
A0A3B6AWJ7	A0A1D5UY47
A0A3B6AWJ7	A0A3B6C425
A0A3B6AWJ7	A0A8R7PD05
A0A3B6AWJ7	A0A8R7TFP8
A0A3B6AWJ7	A0A8I6WIP7
A0A3B6EKZ6	A0A3B6EKZ6
A0A3B6EKZ6	A0A3B6GYR2
A0A3B6EKZ6	A0A8I7B643
A0A3B6EKZ6	A0A8R7TYI1
A0A3B6EKZ6	A0A9R1FM17
A0A3B6EQG2	A0A3B6EQG2
A0A3B6EQG2	A0A3B6H1V4
A0A3B6EQG2	A0A9R1JVX3
A0A3B6EQG2	F2D347
A0A3B6EQG2	M7Y5L1
A0A3B6HU91	A0A3B6HU91
A0A3B6HU91	A0A3B6IQS9
A0A3B6HU91	A0A3B6ISE3
A0A3B6HU91	A0A3B6JIT3
A0A3B6I4Y6	A0A3B6I4Y6
A0A3B6I4Y6	A0A9R0SPF7
A0A3B6I4Y6	A0A9R1GEE4
A0A3B6I4Y6	A0A9R0SP67
A0A3B6I4Y6	A0A9R0SRD3
A0A3B6I4Y6	A0A9R1GFV1
A0A3B6I4Y6	A0A3B6I5V5
A0A3B6KCN3	A0A3B6KCN3
A0A3B6KCN3	A0A3B6MIU2
A0A3B6LLL5	A0A3B6LLL5
A0A3B6LLL5	F2DMW4
A0A3B6LVZ7	A0A3B6LVZ7
A0A3B6LY92	A0A3B6LY92
A0A3B6MPR8	A0A3B6MPR8
A0A3B6MPR8	A0A8I6XZU2
A0A3B6MPR8	A0A8R7QAZ6
A0A3B6N266	A0A3B6N266
A0A3B6NW68	A0A3B6NW68
A0A3B6NW68	A0A3B6PT41
A0A3B6NW68	A0A8R7UZ02
A0A3B6NW68	A0A3B6QKG6
A0A3B6QHS7	A0A3B6QHS7
A0A3B6QHS7	A0A3B6NTY8
A0A3B6QKZ5	A0A3B6QKZ5
A0A3B6QKZ5	A0A8I6Z3H8
A0A3B6QKZ5	A0A8R7QRE4
A0A3B6QKZ5	A0A3B6NUF5
A0A3B6TM13	A0A3B6TM13
A0A3B6TM13	A0A3B6RFD9
A0A3B6TM13	A0A8R7R209
A0A3B6TM13	F2DUM8
A0A3B6TM13	A0A3B6SAU0
A0A3B6TM13	A0A3B6SDJ9
A0A3B6TM13	A0A3B6SFB4
A0A3B6TM13	A0A3B6TFS3
A0A3B6TM13	A0A3B6SFN9
A0A3B6TM13	A0A8R7R2G9
A0A3B6TM13	A0A3B6TN80
A0A3G2HYE4	A0A3G2HYE4
A0A3G2HYE4	A0A221HJJ3
A0A3G6JDM4	A0A3G6JDM4
A0A3L6E125	A0A3L6E125
A0A3L6E125	A0A804Q4X2
A0A3L6F1Y4	A0A3L6F1Y4
A0A3L6F1Y4	A0A804NL50
A0A3L6FGT9	A0A3L6FGT9
A0A3L6RK06	A0A3L6RK06
A0A3L6RK06	A0A2S3HQ11
A0A3L6RK06	A0A2T7DEB6
A0A3L6RK06	A0A8T0S5R3
A0A3L6RK06	A0A3L6SPL1
A0A3L6RK06	A0A8T0S797
A0A3L6RK06	K3XFE4
A0A3M6Q6V6	A0A3M6Q6V6
A0A3M6Q6V6	A0A3M6Q851
A0A3M6Q6V6	A0A3M6R7C9
A0A3M6QTN9	A0A3M6QTN9
A0A3M8AA20	A0A3M8AA20
A0A3M8B3C2	A0A3M8B3C2
A0A3M8BW15	A0A3M8BW15
A0A3M9NP28	A0A3M9NP28
A0A3N0VYJ4	A0A3N0VYJ4
A0A3N0WT62	A0A3N0WT62
A0A3N0WT62	A0A3G8XMZ5
A0A3N5C5K3	A0A3N5C5K3
A0A3P6D659	A0A3P6D659
A0A3P6EBN8	A0A3P6EBN8
A0A3P6EBN8	A0A397XRU2
A0A3P6EBN8	A0A6J0L7W7
A0A3P6EBN8	M4CEH8
A0A3P6EBN8	Q1PDH6
A0A3P6EBN8	A0A1P8BAQ4
A0A3P6EBN8	A0AAU9SM46
A0A3Q0ELA8	A0A3Q0ELA8
A0A3Q0ELA8	A0A0S3SYV4
A0A3Q0ELA8	A0A1S3W0Q0
A0A3Q0G8D1	A0A3Q0G8D1
A0A3Q0G8D1	A0A7M4EP09
A0A3Q0G8D1	A0A7M4FWP9
A0A3Q7E989	A0A3Q7E989
A0A3Q7F8J6	A0A3Q7F8J6
A0A3Q7HFS3	A0A3Q7HFS3
A0A3Q7IUX9	A0A3Q7IUX9
A0A3Q7JAJ7	A0A3Q7JAJ7
A0A3Q7XWV6	A0A3Q7XWV6
A0A3Q7XWV6	G7KEX3
A0A402BC27	A0A402BC27
A0A402BEU5	A0A402BEU5
A0A402BEX6	A0A402BEX6
A0A411G8V7	A0A411G8V7
A0A421BJI5	A0A421BJI5
A0A425B569	A0A425B569
A0A425B569	A0A9X9N3F1
A0A425B569	A0A9X9N6E9
A0A425B569	A0AAW6Y1D9
A0A425B569	A0ABD7EZI2
A0A425B569	C0ELL3
A0A425B569	Q9JYE1
A0A425B569	A0A378VMP1
A0A425B569	A0A7T3EUX0
A0A425B569	A1KV43
A0A425B569	C6S881
A0A425B569	D0W5Q7
A0A425B569	D0W9P3
A0A425B569	E0N7B5
A0A425B569	E4ZC07
A0A425B569	E6N072
A0A425B569	I4E4D7
A0A425B569	Q9JTB8
A0A425B569	A0A9W5ISJ2
A0A425B569	A0A9X7F8Z1
A0A425B569	A0A9X9HSV6
A0A425B569	A0A9X9QXP0
A0A426FQQ8	A0A426FQQ8
A0A427B708	A0A427B708
A0A432V1N1	A0A432V1N1
A0A438BPG9	A0A438BPG9
A0A438BPG9	F6HJA2
A0A438BSV5	A0A438BSV5
A0A438BSV5	A0A438H455
A0A438BSV5	F6HJA5
A0A438D6J6	A0A438D6J6
A0A438DE56	A0A438DE56
A0A438DE56	D7THL1
A0A438DPY0	A0A438DPY0
A0A438E0U2	A0A438E0U2
A0A438E198	A0A438E198
A0A438EC29	A0A438EC29
A0A438EC29	F6GYA0
A0A438ECK6	A0A438ECK6
A0A438ECK6	F6HD29
A0A438ECK6	A0A438JDQ1
A0A438ENM2	A0A438ENM2
A0A438ENM2	A0A438ENH2
A0A438ENM2	A0A438ENW6
A0A438ENM2	A0A438JXQ3
A0A438ENM2	A0A438JXS4
A0A438ENM2	A0A438JXW5
A0A438ENM2	D7TLR5
A0A438ENM2	F6HNU6
A0A438ENM2	F6HNU7
A0A438ENM2	F6HNV9
A0A438ENM2	F6HNW0
A0A438GBI1	A0A438GBI1
A0A438GTE4	A0A438GTE4
A0A438H3V8	A0A438H3V8
A0A438H3V8	A5BTY9
A0A438H3W1	A0A438H3W1
A0A438H400	A0A438H400
A0A438IDP3	A0A438IDP3
A0A438IDP3	A0A438DPP8
A0A438IWS3	A0A438IWS3
A0A438IWS3	A0A438IX21
A0A438IWS3	F6GYQ8
A0A438IWS3	F6GYR1
A0A438IWS3	F6GYR8
A0A438J262	A0A438J262
A0A438J262	D7T4I6
A0A438JDH2	A0A438JDH2
A0A438JDH2	A0A438ECF9
A0A438JDH2	A0A438CFS8
A0A438JDH2	A0A438JDH6
A0A438JDH2	A0A438JDK9
A0A438JDH2	A0A438EBW1
A0A438JDN6	A0A438JDN6
A0A438K659	A0A438K659
A0A438K659	A0A438EVS7
A0A438KPC5	A0A438KPC5
A0A438KPC5	D7SKP6
A0A438KPC5	A0A438G0X0
A0A444XU73	A0A444XU73
A0A447I8D8	A0A447I8D8
A0A448U2B4	A0A448U2B4
A0A448U2B4	A0A380U764
A0A448U2B4	A0A828PND8
A0A448U2B4	A0A9Q4DK41
A0A448U2B4	A0A9X4G4N4
A0A448U2B4	A0AAX3FI25
A0A448U2B4	A3N3X3
A0A448U2B4	B0BU64
A0A448U2B4	B3GZI1
A0A448U2B4	E8KFS2
A0A448U2B4	K0FYJ7
A0A452HCC3	A0A452HCC3
A0A452HCC3	A0A452HC91
A0A452HCC3	A0A452HC71
A0A452HCC3	A0A452HCC6
A0A452HCC3	A0A9D4ALP1
A0A452HCC3	A0A452HC87
A0A452HCC3	A0A8C0H4Q1
A0A452HCC3	A0A8C0HD03
A0A452HCC3	A0A8C3FIM1
A0A452HCC3	A0A8C3FIN1
A0A452HCC3	A0A8T1T095
A0A484KGK4	A0A484KGK4
A0A498IBD8	A0A498IBD8
A0A498IRF0	A0A498IRF0
A0A498JI23	A0A498JI23
A0A498JNE3	A0A498JNE3
A0A498JNG1	A0A498JNG1
A0A498JNG1	A0A498I064
A0A4Q9V243	A0A4Q9V243
A0A4R1F2G0	A0A4R1F2G0
A0A4R1M140	A0A4R1M140
A0A4R2TJ20	A0A4R2TJ20
A0A4R3UXC8	A0A4R3UXC8
A0A4R3VCM6	A0A4R3VCM6
A0A4R3ZQC3	A0A4R3ZQC3
A0A4R6VJD5	A0A4R6VJD5
A0A4R6VJD5	A0A2R4MA80
A0A4R8UD85	A0A4R8UD85
A0A4S4D128	A0A4S4D128
A0A4S8IL65	A0A4S8IL65
A0A4S8J5U8	A0A4S8J5U8
A0A4U5PNB8	A0A4U5PNB8
A0A4U5PNB8	A0A8T2XYB5
A0A4U5PNB8	A0A8X7Z8C5
A0A4U5PNB8	A0A8X7ZB44
A0A4U5PNB8	A0AAD6QDD9
A0A4U5PNB8	A0AAJ6V9J4
A0A4U5PNB8	B9HQ45
A0A4U5PNB8	A0AAD6NYV9
A0A4U5PNB8	A0A5N5LG55
A0A4U5PNB8	A0A6N2L5E6
A0A4U5PNB8	A0A835MWT6
A0A4U5PNB8	A0AAV1R6W1
A0A4U6UG73	A0A4U6UG73
A0A4U6UG73	A0A368R795
A0A6P6AP31	A0A6P6AP31
A0A6P6ARV9	A0A6P6ARV9
A0A6P6ARV9	A0A6P6AMW9
A0A6P6AY93	A0A6P6AY93
A0A6P6AY93	A0A6J1A0D9
A0A6P6AY93	A0AB32VUB5
A0A6P6SSN2	A0A6P6SSN2
A0A6P6SVX4	A0A6P6SVX4
A0A6P6SW05	A0A6P6SW05
A0A6P6T477	A0A6P6T477
A0A6P6T477	A0A6P6SKJ4
A0A6P6T9F8	A0A6P6T9F8
A0A6P6T9F8	A0A6P6SVU5
A0A6P6TQX3	A0A6P6TQX3
A0A6P6TQX3	A0A6P6VGR6
A0A6P6UFP7	A0A6P6UFP7
A0A6P6UIR1	A0A6P6UIR1
A0A6P6UKE2	A0A6P6UKE2
A0A6P6UKE2	A0A6P6WBI8
A0A6P6UW80	A0A6P6UW80
A0A6P6UXF3	A0A6P6UXF3
A0A6P6UXF3	A0A6P6UHN0
A0A6P6UZF2	A0A6P6UZF2
A0A6P6VRQ3	A0A6P6VRQ3
A0A6P6W202	A0A6P6W202
A0A6P6W202	A0A6P6UDP7
A0A6P6W2W4	A0A6P6W2W4
A0A6P6W2W4	A0A6P6SBD5
A0A6P6W5C2	A0A6P6W5C2
A0A6P6W5C2	A0A6P6UGV5
A0A6P6W690	A0A6P6W690
A0A6P6W9H5	A0A6P6W9H5
A0A6P6WJ63	A0A6P6WJ63
A0A6P6XCG0	A0A6P6XCG0
A0A6P7I707	A0A6P7I707
A0A6P7XSM5	A0A6P7XSM5
A0A6P7XSM5	A0A6P7XZ63
A0A6P8C1K2	A0A6P8C1K2
A0A6P8C1K2	A0A218XAI6
A0A6P8C1K2	A0A6P8C7B4
A0A6P8C325	A0A6P8C325
A0A6P8C8H6	A0A6P8C8H6
A0A6P8CHZ0	A0A6P8CHZ0
A0A6P8CHZ0	A0A0B4ZTP8
A0A6P8CMP6	A0A6P8CMP6
A0A6P8CQM5	A0A6P8CQM5
A0A6P8CQM5	A0A6P8CKW7
A0A6P8CQM7	A0A6P8CQM7
A0A6P8CVH0	A0A6P8CVH0
A0A6P8CYX0	A0A6P8CYX0
A0A6P8D4Z4	A0A6P8D4Z4
A0A6P8DF14	A0A6P8DF14
A0A6P8DF14	A0A6P8C0L5
A0A6P8DS95	A0A6P8DS95
A0A6P8DS95	A0A6P8DWQ4
A0A6P8E131	A0A6P8E131
A0A6P8E131	A0A218W4J0
A0A6P8E131	A0A6P8DUK4
A0A6P8E1T9	A0A6P8E1T9
A0A6P8E2D4	A0A6P8E2D4
A0A6P8E2D4	A0A6P8DXE2
A0A6P8E6W2	A0A6P8E6W2
A0A6P8E6W2	A0A2I0KXT2
A0A6P8R315	A0A6P8R315
A0A6P8R315	A0A6P8RHL3
A0A6P9E4C1	A0A6P9E4C1
A0A6P9E9H7	A0A6P9E9H7
A0A6P9E9H7	A0A6P9EDX6
A0A6P9EBN6	A0A6P9EBN6
A0A6P9EFA5	A0A6P9EFA5
A0A6P9EH24	A0A6P9EH24
A0A6P9ES95	A0A6P9ES95
A0A6P9ES95	A0A2I4DTD5
A0A6P9EUX0	A0A6P9EUX0
A0A7C9V8U7	A0A7C9V8U7
A0A7C9V8U7	A0A1X7N078
A0A7D5UUJ0	A0A7D5UUJ0
A0A7H1DWK1	A0A7H1DWK1
A0A7I8LFI3	A0A7I8LFI3
A0A7J6DUC6	A0A7J6DUC6
A0A7J6DUC6	A0A7J6GY59
A0A7J6E7N6	A0A7J6E7N6
A0A7J6EME0	A0A7J6EME0
A0A7J6G6E4	A0A7J6G6E4
A0A7J6GGU4	A0A7J6GGU4
A0A7J7C1C4	A0A7J7C1C4
A0A7J7N7R3	A0A7J7N7R3
A0A7J7N9J2	A0A7J7N9J2
A0A6J0P9A8	A0A6J0P9A8
A0A6J0P9A8	M4F1A6
A0A6J0ZTC1	A0A6J0ZTC1
A0A6J1AQD7	A0A6J1AQD7
A0A6J1AQD7	A0A061ERK2
A0A6J1AQD7	A0AB32V2X2
A0A6J1AQD7	A0A061ESV0
A0A6J1AQD7	A0A1U8IP31
A0A6J1AQD7	A0A1U8N3N1
A0A6J1AQD7	A0A6J1APC3
A0A6J1AQD7	A0A6P5YQA4
A0A6J1AQD7	A0A6P6ARX6
A0A6J1AQD7	A0AB32WDP1
A0A6J1AQD7	A0AB32V314
A0A6J1AQD7	A0A061EQZ3
A0A6J1AQE6	A0A6J1AQE6
A0A6J1BKX4	A0A6J1BKX4
A0A6J1C0J6	A0A6J1C0J6
A0A6J1C7V6	A0A6J1C7V6
A0A6J1CVJ4	A0A6J1CVJ4
A0A6J1DAP4	A0A6J1DAP4
A0A6J1DAP4	A0A1S3C504
A0A6J1DAP4	A0A0A0LVH2
A0A6J1DAP4	A0A6J1K8A5
A0A6J1DAP4	A0A6J1GBN6
A0A6J1DLZ8	A0A6J1DLZ8
A0A6J1DNP8	A0A6J1DNP8
A0A6J1F3C7	A0A6J1F3C7
A0A6J1FLJ6	A0A6J1FLJ6
A0A6J1FLJ6	A0A1S3B3L1
A0A6J1FLJ6	A0A6J1GQY3
A0A6J1FLJ6	A0A6J1JTR0
A0A6J1FLJ6	A0A6J1K1E4
A0A6J1G905	A0A6J1G905
A0A6J1G905	A0A6J1I203
A0A6J1GEQ7	A0A6J1GEQ7
A0A6J1GGH4	A0A6J1GGH4
A0A6J1GGH4	A0A6J1IKA9
A0A6J1GSE3	A0A6J1GSE3
A0A6J1I2T0	A0A6J1I2T0
A0A6J1I2T0	A0A6J1HIE5
A0A6J1I651	A0A6J1I651
A0A6J1I651	A0A6J1HPK1
A0A6J1IZT9	A0A6J1IZT9
A0A6J1IZT9	A0A6J1F8V9
A0A6J1J8Z0	A0A6J1J8Z0
A0A6J1JB06	A0A6J1JB06
A0A6J1JB06	A0A6J1C4P0
A0A6J1JN53	A0A6J1JN53
A0A6J1JN53	A0A6J1EPR2
A0A6J1JU52	A0A6J1JU52
A0A6J1JU52	A0A6J1HBN0
A0A6J1K8J5	A0A6J1K8J5
A0A6J1K8J5	A0A6J1G957
A0A6J1KF04	A0A6J1KF04
A0A6J1KF04	A0A6J1G924
A0A6J2PJA0	A0A6J2PJA0
A0A6J5V4G8	A0A6J5V4G8
A0A6J5V4G8	A0A5E4GGF0
A0A6J5V4G8	A0A6J5XR80
A0A6L2JUT1	A0A6L2JUT1
A0A6L7HXC3	A0A6L7HXC3
A0A6N1VCN8	A0A6N1VCN8
A0A6N2KJU8	A0A6N2KJU8
A0A6N2KJU8	A0A6N2KPI1
A0A6N2MHG9	A0A6N2MHG9
A0A6P1QSR5	A0A6P1QSR5
A0A6P3Z832	A0A6P3Z832
A0A6P3Z8E5	A0A6P3Z8E5
A0A6P3ZI92	A0A6P3ZI92
A0A6P3ZVF3	A0A6P3ZVF3
A0A6P4A4E8	A0A6P4A4E8
A0A6P4A8H0	A0A6P4A8H0
A0A6P4ANQ6	A0A6P4ANQ6
A0A6P4ANZ6	A0A6P4ANZ6
A0A6P4AP37	A0A6P4AP37
A0A6P4AQK8	A0A6P4AQK8
A0A6P4ATP6	A0A6P4ATP6
A0A6P4AUX0	A0A6P4AUX0
A0A6P4AZE6	A0A6P4AZE6
A0A6P4AZE6	A0A6P4BUW4
A0A6P4B0W6	A0A6P4B0W6
A0A6P4B4C7	A0A6P4B4C7
A0A6P4BCY2	A0A6P4BCY2
A0A6P4BD18	A0A6P4BD18
A0A6P4BSF9	A0A6P4BSF9
A0A6P4BVU1	A0A6P4BVU1
A0A6P4BZ25	A0A6P4BZ25
A0A6P4C963	A0A6P4C963
A0A6P4CEJ0	A0A6P4CEJ0
A0A6P4CFE1	A0A6P4CFE1
A0A6P4CFF3	A0A6P4CFF3
A0A6P4CYR6	A0A6P4CYR6
A0A6P4CYR6	A0A444ZBB0
A0A6P4CYR6	A0A445DKZ4
A0A6P4D1D6	A0A6P4D1D6
A0A6P4D1W2	A0A6P4D1W2
A0A6P4D220	A0A6P4D220
A0A6P4D399	A0A6P4D399
A0A6P4DB42	A0A6P4DB42
A0A6P4DTJ3	A0A6P4DTJ3
A0A6P5EQ56	A0A6P5EQ56
A0A6P5ES71	A0A6P5ES71
A0A6P5EXU9	A0A6P5EXU9
A0A6P5EXU9	A0A6P5EFN7
A0A6P5F158	A0A6P5F158
A0A6P5F459	A0A6P5F459
A0A6P5FQQ7	A0A6P5FQQ7
A0A6P5FR99	A0A6P5FR99
A0A6P5G1B3	A0A6P5G1B3
A0A6P5G8L8	A0A6P5G8L8
A0A6P5GJ83	A0A6P5GJ83
A0A6P5H2I1	A0A6P5H2I1
A0A6P5HFR5	A0A6P5HFR5
A0A6P5HL81	A0A6P5HL81
A0A6P5HLS1	A0A6P5HLS1
A0A6P5ILU2	A0A6P5ILU2
A0A6P5ILU2	A0A4X2K5I6
A0A6P5ILU2	A0A4X2K5J9
A0A6P5JMN8	A0A6P5JMN8
A0A6P5N6I2	A0A6P5N6I2
A0A6P5N6I2	A0A6P4CC24
A0A6P5S3K3	A0A6P5S3K3
A0A6P5S3K3	A0A251NM77
A0A6P5S7M3	A0A6P5S7M3
A0A6P5SPG4	A0A6P5SPG4
A0A6P5SPG4	A0A314UY04
A0A6P5SPG4	A0A6P5S7V2
A0A6P5SPG4	M5VXQ1
A0A6P5SPG4	M5XK01
A0A6P5TJQ6	A0A6P5TJQ6
A0A6P5TRZ4	A0A6P5TRZ4
A0A6P5TRZ4	M5VGJ8
A0A6P5TRZ4	M5W3Q4
A0A6P5U3S7	A0A6P5U3S7
A0A6P5U3S7	A0A6P5U3E7
A0A6P5U3S7	M5WAC6
A0A6P5U3S7	A0A6P5U0W5
A0A6P5XIE8	A0A6P5XIE8
A0A6P5XWV6	A0A6P5XWV6
A0A6P5XWV6	A0A6P5ZVX8
A0A6P5Y3V5	A0A6P5Y3V5
A0A6P5Y3V5	A0A061FSC4
A0A6P5Y3V5	A0A6J1BP52
A0A6P5Y3V5	A0A6P5XJS3
A0A6P5Y3V5	A0A6P6B8E3
A0A6P5Y3V5	A0AB32UW64
A0A6P5Y3V5	A0A061FKJ6
A0A6P5Y3V5	A0A6J1BKI2
A0A6P5Y3V5	A0AB32UWZ3
A0A6P5Y3V5	A0A6P6AN42
A0A6P5Y3V5	A0A6P6ACA7
A0A6P5Y3V5	A0A6P6AN90
A0A6P5Y3V5	A0A6P6BA10
A0A6P5YQD9	A0A6P5YQD9
A0A6P5YQD9	A0A6J1B865
A0A6P5YQD9	A0A6P6AJL1
A0A6P5Z3G2	A0A6P5Z3G2
A0A6P6ALS4	A0A6P6ALS4
A0A804JP61	A0A804JP61
A0A804JP62	A0A804JP62
A0A804JP94	A0A804JP94
A0A804JPT4	A0A804JPT4
A0A804JPT4	A0A804HX48
A0A804JTS8	A0A804JTS8
A0A804JTS8	A0A9E7KKH1
A0A804JTS8	A0AAV8QF74
A0A804K987	A0A804K987
A0A804KFG4	A0A804KFG4
A0A804KFG8	A0A804KFG8
A0A804KFM9	A0A804KFM9
A0A804KKN0	A0A804KKN0
A0A804KPW5	A0A804KPW5
A0A804KPW5	A0A9E7HED1
A0A804KPW5	A0A9E7KW59
A0A804L3Q5	A0A804L3Q5
A0A804LAT4	A0A804LAT4
A0A804NAW0	A0A804NAW0
A0A804NAW0	C5XPU3
A0A804NAW0	A0A921RJY1
A0A804NAW0	Q4VJ26
A0A804NAW1	A0A804NAW1
A0A811QIF2	A0A811QIF2
A0A811QIF2	A0A921R1M0
A0A811QIF2	C5Y707
A0A834LM41	A0A834LM41
A0A834WJV3	A0A834WJV3
A0A834ZAZ9	A0A834ZAZ9
A0A835BLZ1	A0A835BLZ1
A0A835BLZ1	A0A835C2F5
A0A835JJP9	A0A835JJP9
A0A835JJP9	A0A9Q0U5N2
A0A835K7T1	A0A835K7T1
A0A835N9Y4	A0A835N9Y4
A0A839A9G6	A0A839A9G6
A0A841U2P5	A0A841U2P5
A0A842HMZ9	A0A842HMZ9
A0A847HBI2	A0A847HBI2
A0A857C3E0	A0A857C3E0
A0A857C3E0	A0A285TQA2
A0A8B7BF52	A0A8B7BF52
A0A8B7BU23	A0A8B7BU23
A0A8B7BU67	A0A8B7BU67
A0A8B7BUF9	A0A8B7BUF9
A0A8B7BUG6	A0A8B7BUG6
A0A8B7BUG6	A0A8B7BJZ0
A0A8B7C2U8	A0A8B7C2U8
A0A8B7CIA8	A0A8B7CIA8
A0A8B7CIA8	A0A6I9R9N6
A0A8B7CL03	A0A8B7CL03
A0A8B7CL11	A0A8B7CL11
A0A8B7CL11	A0A6I9RRA5
A0A8B7CNR7	A0A8B7CNR7
A0A8B7CNR7	A0A8B9AU02
A0A8B7CQI5	A0A8B7CQI5
A0A8B7D1Z0	A0A8B7D1Z0
A0A8B8J1Y3	A0A8B8J1Y3
A0A8B8JGP7	A0A8B8JGP7
A0A8B8JSY8	A0A8B8JSY8
A0A8B8JSY8	A0A8B8JT50
A0A8B8JSY8	I1N014
A0A8B8JSY8	A0A0S3S6C4
A0A8B8JSY8	A0A1S3VEW2
A0A8B8JSY8	I1LSA5
A0A8B8JU11	A0A8B8JU11
A0A8B8JU11	A0A8B8JTS2
A0A8B8JU11	I1JLR3
A0A8B8JVW7	A0A8B8JVW7
A0A8B8JXM3	A0A8B8JXM3
A0A8B8JZF6	A0A8B8JZF6
A0A8B8K0P9	A0A8B8K0P9
A0A8B8K250	A0A8B8K250
A0A8B8KK77	A0A8B8KK77
A0A8B8KR16	A0A8B8KR16
A0A8B8L4T5	A0A8B8L4T5
A0A8B8L713	A0A8B8L713
A0A8B8L8J5	A0A8B8L8J5
A0A8B8L953	A0A8B8L953
A0A8B8LCB4	A0A8B8LCB4
A0A8B8LMN1	A0A8B8LMN1
A0A8B8LT73	A0A8B8LT73
A0A8B8M3U5	A0A8B8M3U5
A0A8B8M3U5	A0A8B8LZT7
A0A8B8M3U5	A0A8B8M049
A0A8B8MH53	A0A8B8MH53
A0A8B8MMG3	A0A8B8MMG3
A0A8B8MNE3	A0A8B8MNE3
A0A8B8MNE3	A0A059BTX8
A0A8B8MRR5	A0A8B8MRR5
A0A8B8MRX0	A0A8B8MRX0
A0A8B8N4M5	A0A8B8N4M5
A0A8B8N4M5	A0A8B8MR90
A0A8B8N4X2	A0A8B8N4X2
A0A8B8NGN7	A0A8B8NGN7
A0A8B8NGS5	A0A8B8NGS5
A0A8B8NH01	A0A8B8NH01
A0A8B8NP14	A0A8B8NP14
A0A8B8NPK9	A0A8B8NPK9
A0A8B8NV72	A0A8B8NV72
A0A8B8P2N3	A0A8B8P2N3
A0A8B8P4D6	A0A8B8P4D6
A0A8B8PAW6	A0A8B8PAW6
A0A8B8PI77	A0A8B8PI77
A0A8B8PJW3	A0A8B8PJW3
A0A8B8PJW3	A0A059BJ59
A0A8B8PTI7	A0A8B8PTI7
A0A8B8Q060	A0A8B8Q060
A0A8B8QDA5	A0A8B8QDA5
A0A8B8QDA5	A0A059BYL7
A0A8B8QGK8	A0A8B8QGK8
A0A8B8QIT5	A0A8B8QIT5
A0A8B8QIU0	A0A8B8QIU0
A0A8B8QLC5	A0A8B8QLC5
A0A8B8QLT1	A0A8B8QLT1
A0A8B8QUU1	A0A8B8QUU1
A0A8B8ZUB8	A0A8B8ZUB8
A0A8B8ZUB8	A0A8B8ZUB3
A0A8B9A0Q7	A0A8B9A0Q7
A0A8B9A0Q7	A0A8B9AI78
A0A8B9A344	A0A8B9A344
A0A8B9A344	A0A6I9QF70
A0A8B9A344	A0A6I9RAK6
A0A8B9A344	A0A8B7BU66
A0A8B9AL84	A0A8B9AL84
A0A8B9AL84	A0A8B9AG84
A0A8B9AQP5	A0A8B9AQP5
A0A8B9AQP5	A0A6I9RFK2
A0A8B9AQP5	A0A8B9ASM4
A0A8B9AX84	A0A8B9AX84
A0A8C0L7W7	A0A8C0L7W7
A0A8C0L7W7	A0A3Q7T3L0
A0A8C0L7W7	A0A8C0MV44
A0A8C0L7W7	A0A8C0S7B5
A0A8C0L7W7	A0A8I3PK96
A0A8C0L7W7	A0A8P0SWM9
A0A8C0TBL1	A0A8C0TBL1
A0A8C0TBL1	A0A3Q7NH73
A0A8C0TBL1	A0A3Q7RBY1
A0A8C0TBL1	A0A811YZX7
A0A8C0TBL1	A0A8C0KXG2
A0A8C0TBL1	A0A8C0TAS8
A0A8C0TBL1	A0A8C0TDJ7
A0A8C0TBL1	A0A8P0P494
A0A8C0TBL1	A0A8U0V389
A0A8C0TBL1	D2HZ29
A0A8C0TBL1	A0A384DPA5
A0A8C0TBL1	A0A452SQP3
A0A8C0TBL1	A0A452SQP5
A0A8C0TBL1	A0A452SQQ0
A0A8C0TBL1	A0A452URU9
A0A8C0TBL1	A0A8M1FTA4
A0A8C0TBL1	A0A8M1M1H7
A0A8C0TBL1	A0A6J0A009
A0A8C0TBL1	A0A6P6IPD3
A0A8C0TBL1	A0A8C8XMX4
A0A8C0TBL1	A0A8C9JZ80
A0A8C0TBL1	A0A9V1ELG2
A0A8C0TBL1	A0A8C0DU98
A0A8C0TBL1	A0A287A2X7
A0A8C0TBL1	A0A2Y9MDD5
A0A8C0TBL1	A0A2Y9MFN0
A0A8C0TBL1	A0A2Y9ML94
A0A8C0TBL1	A0A2Y9S4L0
A0A8C0TBL1	A0A2Y9S929
A0A8C0TBL1	A0A341C8Y9
A0A8C0TBL1	A0A341C9E6
A0A8C0TBL1	A0A341CAP0
A0A8C0TBL1	A0A3Q1M314
A0A8C0TBL1	A0A4W2HV81
A0A8C0TBL1	A0A4X1VNP6
A0A8C0TBL1	A0A4X1VTM0
A0A8C0TBL1	A0A6J3QTV7
A0A8C0TBL1	A0A8B9X0Y3
A0A8C0TBL1	A0A8C3YCG6
A0A8C0TBL1	A0A8C6BVT6
A0A8C0TBL1	A0A8C9CQL4
A0A8C0TBL1	A0A8C0A7S2
A0A8C0TBL1	A0A8D0R930
A0A8C0TBL1	A0A8D1X3N1
A0A8C0TBL1	K7GSZ6
A0A8C2UAH2	A0A8C2UAH2
A0A8C4MW27	A0A8C4MW27
A0A8C4MW27	A0A3Q2I2Q5
A0A8C4MW27	A0A8C4MW46
A0A8C4MW27	A0A8C4PUY3
A0A8C5K7Q7	A0A8C5K7Q7
A0A8C5K926	A0A8C5K926
A0A8C5XCA3	A0A8C5XCA3
A0A8C5XCA3	Q6MZM0
A0A8C6EYX0	A0A8C6EYX0
A0A8C6EYX0	A0A8C9PTV4
A0A8C6EYX0	A0A8D2H6L3
A0A8C6EYX0	I3MPJ1
A0A8C6PWP9	A0A8C6PWP9
A0A8C6PWP9	A0A8C6VY98
A0A8C6PWP9	A0A1A8IHE9
A0A8C6PWP9	A0A1A8M8J1
A0A8C6PWP9	A0A1A8RRP4
A0A8C6PWP9	A0A1A8UAD3
A0A8C6PWP9	A0A1A8E4L2
A0A8C6PWP9	A0A9D2XJA8
A0A8C6R4T9	A0A8C6R4T9
A0A8C6R4T9	A0A8C6R8W8
A0A8C7JKB8	A0A8C7JKB8
A0A8C7JKB8	A0A674AX62
A0A8C7JKB8	A0A674AYN8
A0A8C7JKB8	A0A8C7JI78
A0A8C7JKB8	A0A8C7JXZ2
A0A8C7JKB8	A0A8C7PME6
A0A8C7JKB8	A0A8C7VGG0
A0A8C7JKB8	A0A8C8HCA7
A0A8C7JKB8	A0A8C8HCF8
A0A8C7JKB8	A0A8C8H7D0
A0A8C7JKB8	A0A8C8M347
A0A8C7JKB8	A0AAZ3SDT7
A0A8C7JKB8	A0A674AXH6
A0A8C9RZ44	A0A8C9RZ44
A0A8C9YTC7	A0A8C9YTC7
A0A8C9YTC7	A0A8C9YR00
A0A8D0BR34	A0A8D0BR34
A0A8D0HKS2	A0A8D0HKS2
A0A8D0HKS2	A0A8D0HSS5
A0A8D9DD30	A0A8D9DD30
A0A8D9DD30	A0A078FCR6
A0A8D9DD30	A0A078GX06
A0A8D9DD30	A0A087FWF7
A0A8D9DD30	A0A6J0JHT0
A0A8D9DD30	A0A9W3DJ73
A0A8D9DD30	M4DP87
A0A8D9DD30	M4DYM4
A0A8D9DD30	V4NXG5
A0A8F2FBG5	A0A8F2FBG5
A0A8H3E2H0	A0A8H3E2H0
A0A8I1A5E9	A0A8I1A5E9
A0A8I6X357	A0A8I6X357
A0A8I6X357	A0A3B6H1Q3
A0A8I6X357	A0A3B6EL92
A0A8I6X357	A0A9R1FME9
A0A8I7BDV5	A0A8I7BDV5
A0A8I7BDV5	A0A3B6RFY2
A0A8I7BDV5	A0A3B6SE29
A0A8I7BDV5	A0A3B6TC45
A0A8I7BDV5	A0A3B6TNQ2
A0A8I7BDV5	A0A8I6YHX6
A0A8I7BDV5	A0A8R7R1B3
A0A8I7BDV5	A0A8R7R2H7
A0A8J3VJH3	A0A8J3VJH3
A0A8J4QVE2	A0A8J4QVE2
A0A8J4QVE2	A0A8J4QYD6
A0A8J4QVE2	A0A8J4R2Q2
A0A8J4RB70	A0A8J4RB70
A0A8J4RB70	A0A7N2QX38
A0A8J4RB70	A0AAN7GCQ2
A0A8J4RB70	A0AAW2CPY6
A0A8J4W568	A0A8J4W568
A0A8J4W568	A0A8J4R0U3
A0A8J5BUY3	A0A8J5BUY3
A0A8J5BUY3	A0A8J5G654
A0A8J5HGX0	A0A8J5HGX0
A0A8J5HJ15	A0A8J5HJ15
A0A8J5HJ15	A0A8J5H7S6
A0A8J5SLD3	A0A8J5SLD3
A0A8J5T1I6	A0A8J5T1I6
A0A8J6CTZ9	A0A8J6CTZ9
A0A8J6D2V4	A0A8J6D2V4
A0A8J8XI63	A0A8J8XI63
A0A8J8XI63	A0A1D6HKK9
A0A8J8XI63	Q2PAJ1
A0A8J8XI63	A0A3L6F5A1
A0A8J8XI63	K7U2C8
A0A8K0HM22	A0A8K0HM22
A0A8K0N2S3	A0A8K0N2S3
A0A8K0N2S3	A0A8B7MWA7
A0A8K0N2S3	A0A6I9RCF5
A0A8K0N2S3	A0A8B9AE26
A0A8K0N2S3	A0A6J0PGQ2
A0A8K0N2S3	A0A8B9AC61
A0A8K1TAH1	A0A8K1TAH1
A0A8K1TB45	A0A8K1TB45
A0A8M1FVV3	A0A8M1FVV3
A0A8M1M591	A0A8M1M591
A0A8M1M591	A0A671DJK7
A0A8M1M591	A0A671DNM6
A0A8M1M591	A0A671DJV2
A0A8M1M591	A0A6P6C0C8
A0A8M1M591	A0A8C4PTR3
A0A8M1M591	F7CKS8
A0A8M1M591	A0A7J8EK89
A0A8M8VBG9	A0A8M8VBG9
A0A8N4EUQ1	A0A8N4EUQ1
A0A8R7K2P9	A0A8R7K2P9
A0A8R7K2P9	A0A3B5Y2J5
A0A8R7K2P9	F2D9J2
A0A8R7K2P9	A0A3B5ZWV5
A0A8R7K2P9	A0A3B5Z062
A0A8R7PES2	A0A8R7PES2
A0A8R7PES2	A0A1D5UPA0
A0A8R7PES2	F2D676
A0A8R7R682	A0A8R7R682
A0A8R7R682	A0A3B6RL98
A0A8R7R682	F2EJG8
A0A8R7TYG4	A0A8R7TYG4
A0A8R7TYG4	A0A077RX89
A0A8R7TYG4	A0A3B6END4
A0A8R7TYG4	A0A3B6GWT5
A0A8R7TYG4	A0A8R7PUY1
A0A8R7TYG4	F2CPW9
A0A8S0QSS4	A0A8S0QSS4
A0A8S0TQW1	A0A8S0TQW1
A0A8S0UL67	A0A8S0UL67
A0A8S0UL67	A0A8S0S513
A0A8S0UL67	A0AAD2A1R6
A0A8S0XK40	A0A8S0XK40
A0A8S1ZJ75	A0A8S1ZJ75
A0A8T0PSB7	A0A8T0PSB7
A0A8T0PSB7	A0A8T0PDG5
A0A8T0PSB7	A0A4U6TNH8
A0A8T0PSB7	A0A2S3IG55
A0A8T0PSB7	A0A2T7CQN5
A0A8T0PSB7	A0A3L6PN94
A0A8T0PSB7	A0ABC9ANF9
A0A8T0PSB7	A0ABC9AP61
A0A8T0PSB7	A0ABC9AXX8
A0A8T0PSB7	A0ABC9AYU5
A0A8T0PSB7	K3ZHU8
A0A8T0S450	A0A8T0S450
A0A8T0S948	A0A8T0S948
A0A8T1NQU7	A0A8T1NQU7
A0A8X7QRH4	A0A8X7QRH4
A0A8X7R2P0	A0A8X7R2P0
A0A8X7R2P0	A0A078FB76
A0A8X7R2P0	A0A398ADR4
A0A8X7R2P0	A0A3P6AF73
A0A8X7R2P0	A0A3P6CX80
A0A8X7R2P0	A0A8X7VGY4
A0A8X7R2P0	M4DUF2
A0A8X7R2P0	A0A6J0KJ86
A0A8X8CXI7	A0A8X8CXI7
A0A8X8WY63	A0A8X8WY63
A0A8X8XYT7	A0A8X8XYT7
A0A8X8Y1I4	A0A8X8Y1I4
A0A8X8Y4F7	A0A8X8Y4F7
A0A8X8ZYA0	A0A8X8ZYA0
A0A8X9A0Z0	A0A8X9A0Z0
A0A916SII8	A0A916SII8
A0A917K0T1	A0A917K0T1
A0A918FLN6	A0A918FLN6
A0A918KPH9	A0A918KPH9
A0A919XPC4	A0A919XPC4
A0A922D5S1	A0A922D5S1
A0A922D5S1	A0A2I4GK85
A0A922D5S1	A0A8T1N9U9
A0A930YVG5	A0A930YVG5
A0A931J4Q3	A0A931J4Q3
A0A934IUA5	A0A934IUA5
A0A942E7G0	A0A942E7G0
A0A942IDI8	A0A942IDI8
A0A974DRD9	A0A974DRD9
A0A975P0Z8	A0A975P0Z8
A0A975P0Z8	A0A975NFE5
A0A975P0Z8	A0A975NQT1
A0A978V092	A0A978V092
A0A978VS96	A0A978VS96
A0A9C6TIF2	A0A9C6TIF2
A0A9C6TIF2	A0A6P4C8H8
A0A9C6TZK4	A0A9C6TZK4
A0A9D4UUM8	A0A9D4UUM8
A0A9D4WQ27	A0A9D4WQ27
A0A9D4WQ27	A0AAV0ZIT0
A0A9D4WQ27	B9ZZP2
A0A9D5BW30	A0A9D5BW30
A0A9E7G4B8	A0A9E7G4B8
A0A9E7GFJ5	A0A9E7GFJ5
A0A9E7GLJ9	A0A9E7GLJ9
A0A9E7KRX1	A0A9E7KRX1
A0A9E7NDB2	A0A9E7NDB2
A0A9K3HIH0	A0A9K3HIH0
A0A9K3HIH0	A0A251T4U9
A0A9K3HIH0	A0A251T4Q5
A0A9K3HIH0	A0A251T4Z3
A0A9K3HIH0	A0A251T5V5
A0A9K3HPD2	A0A9K3HPD2
A0A9K3ND26	A0A9K3ND26
A0A9K3ND26	A0A9K3NCR7
A0A9Q0F8K7	A0A9Q0F8K7
A0A9Q0F8R8	A0A9Q0F8R8
A0A9Q0FD17	A0A9Q0FD17
A0A9Q0FD17	A0A2K1ZZN3
A0A9Q0FD17	A0A2K1ZZP5
A0A9Q0FD17	A0AAJ6TXT8
A0A9Q0FD17	A0AAJ6X2U2
A0A9Q0FD17	A0AAJ6XHS8
A0A9Q0FD17	B9IG57
A0A9Q0FD17	U7DW34
A0A9Q0FD17	A0A9Q0FQF2
A0A9Q0FD17	A0A9Q0FRK9
A0A9Q0FD17	A0A9Q0GKA0
A0A9Q0FLZ9	A0A9Q0FLZ9
A0A9Q0G0C3	A0A9Q0G0C3
A0A9Q0G0C3	A0A9Q0FXY3
A0A9Q0GHH8	A0A9Q0GHH8
A0A9Q0GKH1	A0A9Q0GKH1
A0A9Q0J1F5	A0A9Q0J1F5
A0A9Q0J3I3	A0A9Q0J3I3
A0A9Q0J6M8	A0A9Q0J6M8
A0A9Q0JAY6	A0A9Q0JAY6
A0A9Q0JCA7	A0A9Q0JCA7
A0A9Q0JFJ0	A0A9Q0JFJ0
A0A9Q0JIK8	A0A9Q0JIK8
A0A9Q0JN53	A0A9Q0JN53
A0A9Q0KAJ3	A0A9Q0KAJ3
A0A9Q1DSH4	A0A9Q1DSH4
A0A9Q1L1H8	A0A9Q1L1H8
A0A9Q1LQ70	A0A9Q1LQ70
A0A9Q1R0T6	A0A9Q1R0T6
A0A9Q1RSV9	A0A9Q1RSV9
A0A9Q3URL9	A0A9Q3URL9
A0A9Q3URL9	A0A1M6UAL8
A0A9Q3URL9	A0A6N4XS27
A0A9Q4AT22	A0A9Q4AT22
A0AAW0L5F5	A0AAW0L5F5
A0AAW0L5F5	A0A7N2MJS3
A0AAW0LH06	A0AAW0LH06
A0AAW0LH06	A0A7N2M4W0
A0AAW0LTD3	A0AAW0LTD3
A0AAW1KDB0	A0AAW1KDB0
A0AAW1Y5C1	A0AAW1Y5C1
A0AAW1Y5C1	A0AAW1VKW2
A0AAW2BSD0	A0AAW2BSD0
A0AAW2SCJ6	A0AAW2SCJ6
A0AAW2THA7	A0AAW2THA7
A0AAW5AMZ7	A0AAW5AMZ7
A0AAW6RHS3	A0AAW6RHS3
A0AAX1UMS6	A0AAX1UMS6
A0AAX6SCW5	A0AAX6SCW5
A0AAX6SCW5	A0AAX6S773
A0AAX6SCW5	H0VRX5
A0AAX6SCW5	A0A286XKZ0
A0AAX6SCW5	A0AAX6SBP1
A0AAX6SCW5	A0A8C2UTQ1
A0AAX6SCW5	A0A6P3FU56
A0AAX6SCW5	G5ASN8
A0AAY4BAV6	A0AAY4BAV6
A0AAY4BAV6	A0AAY4BE07
A0AB32UL15	A0AB32UL15
A0AB32UL15	A0A061FSY9
A0AB32UL15	A0A6J1B842
A0AB32UL15	A0A6P5YSC6
A0AB32UL15	A0A6P5Z1Z0
A0AB32UL15	A0A6P6AHV6
A0AB32VU88	A0AB32VU88
A0AB32VU88	A0A6P6ABX1
A0AB32W8I9	A0AB32W8I9
A0AB32W8I9	A0A6J1AP41
A0AB32WET3	A0AB32WET3
A0AB32WFY4	A0AB32WFY4
A0AB32WFY4	A0A6J1AQ25
A0AB32WPL7	A0AB32WPL7
A0AB32WPL7	A0AB32WM10
A0AB32WPL7	A0AB32UWH2
A0AB32WPL7	A0A061FKJ1
A0AB32X3M2	A0AB32X3M2
A0AB32X3M2	A0A061FTE2
A0AB39DA73	A0AB39DA73
A0AB40AL52	A0AB40AL52
A0AB40APC9	A0AB40APC9
A0AB40AVQ6	A0AB40AVQ6
A0AB40AVQ6	A0AB40AVT2
A0AB40AVQ6	A0AB40BRT2
A0AB40BM66	A0AB40BM66
A0AB40BQE8	A0AB40BQE8
A0AB40BQF9	A0AB40BQF9
A0AB40BQI3	A0AB40BQI3
A0AB40BR85	A0AB40BR85
A0AB40BRU0	A0AB40BRU0
A0AB40BTE8	A0AB40BTE8
A0AB40C0V7	A0AB40C0V7
A0AB40C6Z2	A0AB40C6Z2
A0AB40C8B0	A0AB40C8B0
A0AB40CCZ6	A0AB40CCZ6
A0AB40CN88	A0AB40CN88
A0AB40CYE3	A0AB40CYE3
A0AB40E6L1	A0AB40E6L1
A0ABC8V7A6	A0ABC8V7A6
A0ABC8YMS2	A0ABC8YMS2
A0ABC8YMS2	A0ABC8Z4B3
A0ABC8YMS2	A0ABC9A6I3
A0ABC8YMS2	A0ABC8ZJP5
A0ABC9AND3	A0ABC9AND3
A0ABC9AUM0	A0ABC9AUM0
A0ABC9AUM0	A0ABC9ARF8
A0ABC9AUM0	A0ABC9B0F5
A0ABC9AUM0	A0ABC9AIQ8
A0A7J8J6Z7	A0A7J8J6Z7
A0A7J8J6Z7	A0A7J8J6Q8
A0A7J8J6Z7	A0A7J8J7V8
A0A7J8J6Z7	A0A7E6CZI9
A0A7J8J6Z7	G1NTS5
A0A7J8J6Z7	A0A7J7V602
A0A7J9AYT9	A0A7J9AYT9
A0A7J9LQS4	A0A7J9LQS4
A0A7L5AK96	A0A7L5AK96
A0A7M1T3K0	A0A7M1T3K0
A0A7M1T3K0	A0A1M6G1B0
A0A7M2YDI8	A0A7M2YDI8
A0A7N0VK09	A0A7N0VK09
A0A7N1A5Z9	A0A7N1A5Z9
A0A7N2KQ13	A0A7N2KQ13
A0A7N2KQ13	A0A7N2KPJ7
A0A7N2KQ29	A0A7N2KQ29
A0A7N2KVC7	A0A7N2KVC7
A0A7N2KVJ5	A0A7N2KVJ5
A0A7N2KVL1	A0A7N2KVL1
A0A7N2KVY4	A0A7N2KVY4
A0A7N2KW95	A0A7N2KW95
A0A7N2M7U0	A0A7N2M7U0
A0A7N2MCJ1	A0A7N2MCJ1
A0A7N2MY57	A0A7N2MY57
A0A7N2MY57	A0A7N2KVK6
A0A7N2MYS7	A0A7N2MYS7
A0A7N2MYS7	A0A2I4H5Z9
A0A7N2MYS7	A0A7N2MXS6
A0A7N2R0W0	A0A7N2R0W0
A0A7N2RBZ4	A0A7N2RBZ4
A0A7N2RBZ4	A0AAW0KYT2
A0A7N2RFB2	A0A7N2RFB2
A0A7N4V5H1	A0A7N4V5H1
A0A7N4V5H1	A0A7N4NQH8
A0A7N4V5H1	A0A7N4PNC6
A0A7N4V5H1	G3VFK7
A0A7N4V5H1	A0A7N4PK83
A0A7N6C1Y9	A0A7N6C1Y9
A0A7N6C1Y9	A0A3Q1JMI1
A0A7N6C1Y9	A0A3Q1KC54
A0A7T4B2G2	A0A7T4B2G2
A0A7T4B2G2	A0A0X8NX50
A0A7T4B2G2	A0A1R1JPI8
A0A7T4B2G2	A0A2N8KQ73
A0A7T4B2G2	A0A6J5I2T3
A0A7T4B2G2	A0A6N0JNL1
A0A7T4B2G2	A0A6S7ACS5
A0A7T4B2G2	H0F5K8
A0A7T4B2G2	A0A424W7Z4
A0A7T4B2G2	A0A6S7EQL9
A0A7T4B2G2	A0A7D4HNE0
A0A7T4B2G2	A0AAD2KLW5
A0A7T4B2G2	E3HL38
A0A7T4B2G2	A0A446D0C6
A0A7T4B2G2	A0A446CMM0
A0A7T4B2G2	A0A6S6ZLZ4
A0A7T4B2G2	A0A2S0I5X9
A0A7T4B2G2	A0ABD4YSI0
A0A7T4B2G2	J4Y4T8
A0A7T4B2G2	Q9AQQ7
A0A7T4B2G2	F7T5F3
A0A7T4B2G2	O68601
A0A7T7V078	A0A7T7V078
A0A7T7V078	A0A1T3EZA7
A0A7T7V078	A0AAJ3NCW5
A0A7T7V078	A0AAQ1SZV0
A0A7W9TK41	A0A7W9TK41
A0A7W9TK41	A0AB39ETE4
A0A7W9TK41	W8X0U4
A0A7X0KM77	A0A7X0KM77
A0A7X3G6H4	A0A7X3G6H4
A0A7Y6BVJ0	A0A7Y6BVJ0
A0A803KS64	A0A803KS64
A0A803KZQ5	A0A803KZQ5
A0A803L6U1	A0A803L6U1
A0A803L6U1	A0A803KYF8
A0A803L6U1	A0A803KYK3
A0A803L6U1	A0A803L6Y8
A0A803LX17	A0A803LX17
A0A803LX92	A0A803LX92
A0A803M3E1	A0A803M3E1
A0A803M3N7	A0A803M3N7
A0A803M405	A0A803M405
A0A803MY81	A0A803MY81
A0A803MY81	A0A803M887
A0A803N545	A0A803N545
A0A803N545	A0A803N546
A0A803N6S0	A0A803N6S0
A0A803N6S0	A0A803MQL5
A0A803N6S3	A0A803N6S3
A0A803NU65	A0A803NU65
A0A803PFF2	A0A803PFF2
A0A803PV11	A0A803PV11
A0A803PYE8	A0A803PYE8
A0A803PYE8	A0A7J6E733
A0A803QT77	A0A803QT77
A0A803QT77	A0A803QT78
A0A803QT77	A0A803QT81
A0A803R6P9	A0A803R6P9
A0A803TTS3	A0A803TTS3
A0A804IAB1	A0A804IAB1
A0A804ICU0	A0A804ICU0
A0A804IF10	A0A804IF10
A0A804J4K8	A0A804J4K8
A0A804JDE0	A0A804JDE0
A0A804JP27	A0A804JP27
A0A9R0HRM6	A0A9R0HRM6
A0A9R0I8V1	A0A9R0I8V1
A0A9R0ICB7	A0A9R0ICB7
A0A9R0ICE4	A0A9R0ICE4
A0A9R0IGX9	A0A9R0IGX9
A0A9R0IVX3	A0A9R0IVX3
A0A9R0IWC2	A0A9R0IWC2
A0A9R0IWC2	A0A9R0IWB1
A0A9R0J203	A0A9R0J203
A0A9R0JFN7	A0A9R0JFN7
A0A9R0JHQ0	A0A9R0JHQ0
A0A9R0JTM6	A0A9R0JTM6
A0A9R0K4Q2	A0A9R0K4Q2
A0A9R1A4Z1	A0A9R1A4Z1
A0A9R1A4Z1	A0A8I6YDQ8
A0A9R1A4Z1	A0A3B6RI73
A0A9R1A4Z1	A0A3B6SMN4
A0A9R1A4Z1	A0A3B6TUM3
A0A9R1A4Z1	A0A453SCV1
A0A9R1A4Z1	A0A8R7R6N1
A0A9R1A4Z1	A0AAD8VN68
A0A9R1IPG8	A0A9R1IPG8
A0A9R1IPG8	A0A3B5YT48
A0A9R1IPG8	A0A8I7BAY4
A0A9R1IPG8	A0A3B6ETE5
A0A9R1IPG8	A0A3B6FVZ9
A0A9R1IPG8	A0A9R0VR80
A0A9R1IPG8	A0A9R1FQR5
A0A9R1IPG8	A0A9R1QVT4
A0A9R1IPG8	A0A3B6FVE7
A0A9R1IPG8	A0A9R1FPR7
A0A9R1IPG8	A0A9R1QVQ5
A0A9R1IPG8	A0A3B6H1V8
A0A9R1IPG8	A0A3B5ZRJ2
A0A9R1IPG8	A0A453GG20
A0A9R1IPG8	A0A9R0S1J4
A0A9R1IPG8	A0A9R1IUQ8
A0A9R1IPG8	A0A9R1K3N2
A0A9R1IPG8	A0A8R7U212
A0A9R1IPG8	A0A9R0RYC8
A0A9R1IPG8	A0A9R0RXT7
A0A9R1IPG8	A0A9R1FB75
A0A9R1IPG8	A0A3B6EPM6
A0A9R1IPG8	F2E0Z9
A0A9R1IPG8	F2E2Y4
A0A9R1IPG8	A0AAD8SAD6
A0A9R1UHE4	A0A9R1UHE4
A0A9R1UL76	A0A9R1UL76
A0A9R1UU49	A0A9R1UU49
A0A9R1UVM3	A0A9R1UVM3
A0A9R1V0J1	A0A9R1V0J1
A0A9R1V0J1	A0AA35Y493
A0A9R1VEK4	A0A9R1VEK4
A0A9R1VEK4	A0A9R1VIR2
A0A9R1VEK4	A0A9R1VKP9
A0A9R1VEK4	A0A9R1VNA3
A0A9R1VEK4	A0A9R1VNK5
A0A9R1VEK4	A0A9R1X9G0
A0A9R1VEK4	A0A9R1X9P3
A0A9R1VEK4	A0A9R1XB46
A0A9R1VEK4	A0A9R1XBN3
A0A9R1VEK4	A0A9R1XC40
A0A9R1VEK4	A0A9R1V778
A0A9R1VEK4	A0A9R1XFM0
A0A9R1VEK4	A0A9R1XBY8
A0A9R1VLH7	A0A9R1VLH7
A0A9R1VRW0	A0A9R1VRW0
A0A9R1WA31	A0A9R1WA31
A0A9R1WA31	A0A9K3IKS5
A0A9R1WA31	A0A9R1WDY7
A0A9R1WNI5	A0A9R1WNI5
A0A9R1WS91	A0A9R1WS91
A0A9R1WVD5	A0A9R1WVD5
A0A9R1WVD5	A0A9R1WSH4
A0A9W2XS31	A0A9W2XS31
A0A9X2X1M9	A0A9X2X1M9
A0A9X3TUQ2	A0A9X3TUQ2
A0A9Y2P5Z2	A0A9Y2P5Z2
A0A9Y2P5Z2	A0A3T0N3I6
A0A9Y4NTK5	A0A9Y4NTK5
A0AA35LCQ0	A0AA35LCQ0
A0AA36XL53	A0AA36XL53
A0AA36XL53	A0A2I1XAA8
A0AA36XL53	A0AAW6ZGX0
A0AA36XL53	C6M552
A0AA36XL53	I2NVI9
A0AA36XL53	D3A0A1
A0AA36XL53	A0A0C1GKP8
A0AA36XL53	Q5F7A4
A0AA36XL53	A0AB74EIK5
A0AA36XL53	A0AB74ERA3
A0AA36XL53	Q02219
A0AA38SYW0	A0AA38SYW0
A0AA38TL41	A0AA38TL41
A0AA38YRX4	A0AA38YRX4
A0AA39D9N9	A0AA39D9N9
A0AA39T2X8	A0AA39T2X8
A0AA42C9C9	A0AA42C9C9
A0AA42C9C9	A0A0L8V5N5
A0AA86SQJ6	A0AA86SQJ6
A0AA86VVU1	A0AA86VVU1
A0AA86W2B8	A0AA86W2B8
A0AA88APT9	A0AA88APT9
A0AA88DIT2	A0AA88DIT2
A0AA89AEL6	A0AA89AEL6
A0AA89AEL6	A0AA88VLA3
A0AA95EUM8	A0AA95EUM8
A0AA97LHI8	A0AA97LHI8
A0AA97LHI8	A0AA97LDT6
A0AAC8YUG8	A0AAC8YUG8
A0AAC8YUG8	A0A8E1WBJ0
A0AAC8YUG8	H0I1E7
A0AAD4PE47	A0AAD4PE47
A0AAD5JX64	A0AAD5JX64
A0AAD5NR99	A0AAD5NR99
A0AAD8LJ41	A0AAD8LJ41
A0AAD8N6H7	A0AAD8N6H7
A0AAD8N6H7	A0A1Q1NKW6
A0AAD8N6H7	A0AAD8J6D3
A0AAD8N6H7	A0AAD8J4X4
A0AAD8R2R3	A0AAD8R2R3
A0AAD8REB2	A0AAD8REB2
A0AAD8SEU2	A0AAD8SEU2
A0AAD8SEU2	A0AAD8WE44
A0AAD8SP63	A0AAD8SP63
A0AAD8T1K7	A0AAD8T1K7
A0AAD9XGX3	A0AAD9XGX3
A0AAD9XGX3	A0A5C7H883
A0AAE1KD45	A0AAE1KD45
A0AAE1RAE7	A0AAE1RAE7
A0AAE1TC68	A0AAE1TC68
A0AAE1VDF4	A0AAE1VDF4
A0AAE1VDF4	A0A9Q1LUZ4
A0AAE1VDF4	A0A1S3YXX8
A0AAE1VDF4	A0A1J6KX47
A0AAE1VDF4	Q40588
A0AAE1VDF4	A0A1S4D7M9
A0AAE1VDF4	A0A1U7V4A4
A0AAE1VDF4	A0A1U7V9I8
A0AAE1VDF4	X5JRX8
A0AAE9Z4H2	A0AAE9Z4H2
A0AAE9Z4H2	A0AAE9YTD9
A0AAF0QM79	A0AAF0QM79
A0AAF0U0B7	A0AAF0U0B7
A0AAJ2KTQ9	A0AAJ2KTQ9
A0AAJ2KTQ9	D3FS12
A0AAJ6U9K1	A0AAJ6U9K1
A0AAN7FGK3	A0AAN7FGK3
A0AAN8YYJ8	A0AAN8YYJ8
A0AAN8Z9C9	A0AAN8Z9C9
A0AAN9E8P0	A0AAN9E8P0
A0AAN9FUU8	A0AAN9FUU8
A0AAN9JC64	A0AAN9JC64
A0AAN9KFI7	A0AAN9KFI7
A0AAN9KFQ0	A0AAN9KFQ0
A0AAN9LM54	A0AAN9LM54
A0AAN9QQ73	A0AAN9QQ73
A0AAN9XPA2	A0AAN9XPA2
A0AAN9XPF9	A0AAN9XPF9
A0AAP0B5J6	A0AAP0B5J6
A0AAP0BGI9	A0AAP0BGI9
A0AAP0BYL0	A0AAP0BYL0
A0AAP0CFC2	A0AAP0CFC2
A0AAP0FTK7	A0AAP0FTK7
A0AAP0FYV7	A0AAP0FYV7
A0AAP0G5S6	A0AAP0G5S6
A0AAP0H2U9	A0AAP0H2U9
A0AAP0QV05	A0AAP0QV05
A0AAP0RQ22	A0AAP0RQ22
A0AAQ3KND0	A0AAQ3KND0
A0AAQ3NA50	A0AAQ3NA50
A0AAQ3NA50	A0A1S3V936
A0AAQ3NA50	A0A0S3RUK2
A0AAQ3NA50	I1N2U5
A0AAQ3TUG5	A0AAQ3TUG5
A0AAQ3WTM3	A0AAQ3WTM3
A0AAR2II85	A0AAR2II85
A0AAU6PHP7	A0AAU6PHP7
A0AAU8HM15	A0AAU8HM15
A0AAU9SSK7	A0AAU9SSK7
A0AAV1WUC0	A0AAV1WUC0
A0AAV2D3S6	A0AAV2D3S6
A0AAV2D3S6	A0AAV0II67
A0AAV5BKB7	A0AAV5BKB7
A0AAV5BMS6	A0AAV5BMS6
A0AAV5BS90	A0AAV5BS90
A0AAV5C2Y3	A0AAV5C2Y3
A0AAV5C469	A0AAV5C469
A0AAV5C469	A0AAV5E1X5
A0AAV5C481	A0AAV5C481
A0AAV5DUG3	A0AAV5DUG3
A0AAV5DV61	A0AAV5DV61
A0AAV5DV61	A0AAV5BR16
A0AAV5E3E4	A0AAV5E3E4
A0AAV5E3U1	A0AAV5E3U1
A0AAV5E3U1	A0AAV5C3V1
A0AAV5E3Y8	A0AAV5E3Y8
A0AAV5EX95	A0AAV5EX95
A0AAV5EX95	A0AAV5D9H5
A0AAV5F0D4	A0AAV5F0D4
A0AAV5F9R7	A0AAV5F9R7
A0AAV5F9R7	A0AAV5DBC1
A0AAV5J0X2	A0AAV5J0X2
A0AAV5JIP6	A0AAV5JIP6
A0AAV5JLF0	A0AAV5JLF0
A0AAV5JMT3	A0AAV5JMT3
A0AAV5L7G5	A0AAV5L7G5
A0AAV6KDI4	A0AAV6KDI4
A0AAV6N3C3	A0AAV6N3C3
A0AAV6N3C3	A0A6J1H925
A0AAV6N3C3	A0A6J1JL58
A0AAV6Y7S5	A0AAV6Y7S5
A0AAV7F5R3	A0AAV7F5R3
A0AAV7HLN7	A0AAV7HLN7
A0AAV7HLN7	A0A2I0W5Z8
A0AAV7HLN7	A0A8T3C3J3
A0AAV8QY24	A0AAV8QY24
A0AAV8QY24	A0A804L152
A0AAV8QY24	A0A9E7IMP3
A0AAV8T2P4	A0AAV8T2P4
A0AAV8TKV6	A0AAV8TKV6
A0AAV9A2H8	A0AAV9A2H8
A0AAV9A2H8	A0AAV9CLG7
A0AAV9CGH6	A0AAV9CGH6
A0AAV9CGH6	A0AAV9ENK0
A0AAV9CPV3	A0AAV9CPV3
A0AAV9CQ62	A0AAV9CQ62
A0AAV9CQ62	A0AAV9CJV2
A0AAV9CQ62	A0AAV9DN48
A0AAV9DC74	A0AAV9DC74
A0AAV9DF20	A0AAV9DF20
A0AAV9F2Q7	A0AAV9F2Q7
A0AAV9F6K5	A0AAV9F6K5
A0AAV9F6K5	A0AAV9C3K7
A0AAV9FJQ4	A0AAV9FJQ4
A0AAV9FJQ4	A0AAV9DR86
A0AAV9FKC5	A0AAV9FKC5
A0AAW0J161	A0AAW0J161
A0AAW0J161	A0A7N2KVE5
A0AAW0J161	A0AAW2E0A3
A0AAW0J1Q8	A0AAW0J1Q8
A0AAW0J1Q8	A0A7N2KP49
A0AAW0J762	A0AAW0J762
A0AAW0J762	A0A7N2R6Y4
A0AAW0KW57	A0AAW0KW57
A0AAW0KW57	A0A7N2MFI5
A0AAW0KXT6	A0AAW0KXT6
A0AAW0KXT6	A0A7N2QZ09
A0AAW0KYP8	A0AAW0KYP8
A0AAW0KYP8	A0AAW0KYC7
A0AAW0KZ03	A0AAW0KZ03
A0AAW0KZ03	A0A7N2KP33
A0AAW0L160	A0AAW0L160
A0AAW0L254	A0AAW0L254
A0AAW0L254	A0A8J4QN65
A0ABC9CH33	A0ABC9CH33
A0ABD1ABV2	A0ABD1ABV2
A0ABD1ARS4	A0ABD1ARS4
A0ABD1FUD4	A0ABD1FUD4
A0ABD1FUW2	A0ABD1FUW2
A0ABD1GAA5	A0ABD1GAA5
A0ABD1GAE6	A0ABD1GAE6
A0ABD1GBE1	A0ABD1GBE1
A0ABD1GFM8	A0ABD1GFM8
A0ABD1GHD7	A0ABD1GHD7
A0ABD1GL08	A0ABD1GL08
A0ABD1GNN3	A0ABD1GNN3
A0ABD1GU21	A0ABD1GU21
A0ABD1GYI4	A0ABD1GYI4
A0ABD1H184	A0ABD1H184
A0ABD1H348	A0ABD1H348
A0ABD1HNH4	A0ABD1HNH4
A0ABD1HQG3	A0ABD1HQG3
A0ABD1HYJ9	A0ABD1HYJ9
A0ABD1HYJ9	A0ABD1I132
A0ABD1HYL8	A0ABD1HYL8
A0ABD1I103	A0ABD1I103
A0ABD1I103	A0ABD1HYG7
A0ABD1I5Q9	A0ABD1I5Q9
A0ABD1P8D1	A0ABD1P8D1
A0ABD1P8D1	A0ABD1P8B9
A0ABD3B9P9	A0ABD3B9P9
A0ABD3BAB3	A0ABD3BAB3
A0ABD3BK91	A0ABD3BK91
A0ABD3BUT0	A0ABD3BUT0
A0ABD3C0Q3	A0ABD3C0Q3
A0ABD3C0Q3	A0ABD3C2L5
A0ABD3CBK4	A0ABD3CBK4
A0ABD3CBK4	A0ABD3C044
A0ABD3CBK4	A0ABD3C2U9
A0ABD3CJ44	A0ABD3CJ44
A0ABD3CPQ2	A0ABD3CPQ2
A0ABD3DAV8	A0ABD3DAV8
A0ABD3DFD2	A0ABD3DFD2
A0ABD3DHB0	A0ABD3DHB0
A0ABD3DTV4	A0ABD3DTV4
A0ABD3EAU2	A0ABD3EAU2
A0ABD3EDA4	A0ABD3EDA4
A0ABD3EDA4	A0ABD3E984
A0ABD3EDZ9	A0ABD3EDZ9
A0ABD3EG92	A0ABD3EG92
A0ABD3EI54	A0ABD3EI54
A0ABD3EL62	A0ABD3EL62
A0ABD3KBV1	A0ABD3KBV1
A0ABD3KMG6	A0ABD3KMG6
A0ABD3KPQ0	A0ABD3KPQ0
A0ABD3KUQ9	A0ABD3KUQ9
A0ABR1I6F0	A0ABR1I6F0
A5AUN7	A5AUN7
A5AUN7	A0A438JDR5
A5BJB7	A5BJB7
A7F3T1	A7F3T1
A9RMK2	A9RMK2
A9WB08	A9WB08
A9WB08	A0A178MFA3
B1KJN6	B1KJN6
B1ZXT9	B1ZXT9
B3EWZ9	B3EWZ9
B6UCC4	B6UCC4
B6UCC4	A0A3L6F9W9
B6UCC4	K3XFZ4
B6UCC4	C5XPQ5
B6UCC4	Q2PAI9
B7YZT1	B7YZT1
B7YZT1	A1Z6F4
B7YZT1	A0A0B4KF30
B7YZT1	A1Z6F6
B8GAV6	B8GAV6
B8R8T2	B8R8T2
B8R956	B8R956
B9FJH4	B9FJH4
B9FJH4	I1PWB4
B9FJH4	P0DKK6
B9FJH4	J3M7V2
B9GIL1	B9GIL1
B9H800	B9H800
B9HBT3	B9HBT3
B9HBT3	A0AAJ6XI52
B9HC76	B9HC76
B9HC76	A0AAJ6TX82
B9HHK7	B9HHK7
B9HHK7	A0AAJ6V1F0
B9I2G5	B9I2G5
B9I2G5	A0AAJ6V1Z8
B9I8Z8	B9I8Z8
B9I8Z8	A0AAJ6Y126
B9N1I1	B9N1I1
B9N1I1	A0A2K2CB86
B9N1I1	A0AAJ6V7S4
B9N1I1	A0AAJ6XSQ5
B9N1I1	B9HZV5
B9N1I1	B9HZV6
B9N1I1	B9GMJ0
B9N1I1	A0AAJ6X1D6
B9RH56	B9RH56
B9RH56	A0A9Q0FV83
B9RH56	A0A2K2AV80
B9RH56	A0A2C9UZL4
B9RRH6	B9RRH6
B9S0L0	B9S0L0
B9S2L2	B9S2L2
B9S356	B9S356
B9S3H2	B9S3H2
B9S478	B9S478
B9SBE5	B9SBE5
B9SFL9	B9SFL9
B9SM81	B9SM81
B9SMA9	B9SMA9
B9SMB1	B9SMB1
B9SW28	B9SW28
B9SWP8	B9SWP8
B9SX35	B9SX35
B9SZZ2	B9SZZ2
B9SZZ6	B9SZZ6
B9T0Q5	B9T0Q5
B9T6M5	B9T6M5
C0P4R6	C0P4R6
C0PGP6	C0PGP6
C0PGP6	A0A3L6FJ95
C0PGP6	A0A8T0S6S8
C0PGP6	C5XPQ1
C4Y033	C4Y033
C5S3M2	C5S3M2
C5S3M2	A0A2U8FIH2
C5XPQ0	C5XPQ0
C5XPQ0	A0A3L6DWH9
C5XPQ0	K7V3L7
C5XPQ0	A0A3L6FFX6
C5XPQ0	A0A804NB31
C5XPQ0	Q2PAJ0
C5XPQ0	K3XFY7
C5XPU2	C5XPU2
C5XPU4	C5XPU4
C5XYR2	C5XYR2
C5Y313	C5Y313
C5Y313	A0A3L6F080
C5Y7Y2	C5Y7Y2
C5YNG9	C5YNG9
C5YZ93	C5YZ93
C5YZ93	A0A921U5E1
C5YZ93	A0A811RWG2
C5Z1X4	C5Z1X4
D4APX3	D4APX3
D4DP53	D4DP53
D4DP53	A0A378TY50
D4DP53	A0A9X0ZX27
D7A7L8	D7A7L8
D7KGB1	D7KGB1
D7KGB1	Q9LMS3
D7LBL1	D7LBL1
D7LBL1	Q56YT0
D7LKS9	D7LKS9
D7LKS9	O80434
D7LKS9	A0A6J0JDZ2
D7LKS9	A0A078FZC6
D7LKS9	A0A3P6D431
D7LKS9	A0A9W3DHK4
D7M768	D7M768
D7M768	Q9LFD2
D7M768	Q9LFD1
D7ML06	D7ML06
D7ML06	Q84J37
D7SK26	D7SK26
D7SK26	A0A438G1I7
D7THA7	D7THA7
D7THL9	D7THL9
D7THL9	A0A438HSE7
D7TIE4	D7TIE4
D7TQL9	D7TQL9
D7TQL9	A0A438H730
D7TQL9	A0A438D3X0
D7TQL9	A0A067EA18
D7TQL9	A0A438I765
D7UCW0	D7UCW0
D8QU74	D8QU74
D8QU74	D8QV05
D8QU76	D8QU76
D8QV04	D8QV04
D8QV04	D8QU75
D8SBG6	D8SBG6
D8SBG6	D8S0U4
D8T337	D8T337
D8T337	D8RC89
D8T7R1	D8T7R1
D8T7R1	D8RKK0
E6WPH0	E6WPH0
E7RXJ7	E7RXJ7
F2BF32	F2BF32
F2D0F4	F2D0F4
F2D0F4	A0A287GWL8
F2DXF2	F2DXF2
F2DXF2	A0A077RUW0
F2DXF2	A0A3B6EKU1
F2DXF2	A0A3B6GY10
F2DXF2	A0A7G6UAL8
F2DXF2	A0A8R7VDL4
F2SL83	F2SL83
F4K6Z6	F4K6Z6
F6GSK0	F6GSK0
F6GSK0	A0A438KA29
F6GUI5	F6GUI5
F6GY86	F6GY86
F6HA36	F6HA36
F6HJB7	F6HJB7
F6HJB7	A0A438CCG9
F6HJB7	A0A438CCG4
F6HJB7	A0A438CP69
F6HJB7	F6HRW3
F6HJB7	F6HW97
F6HJB7	F6I290
F6HJB7	A0A438CUE0
F6HJB7	A0A438GK25
F6HJB7	F6HWA5
F6HJB7	A0A438GLH9
F6HJD4	F6HJD4
F6HJD4	A0A438G9U0
F6HJD8	F6HJD8
F6HKY5	F6HKY5
F6HL88	F6HL88
F6HL89	F6HL89
F6HL89	A0A438DE55
F6HL89	A0A438HSH8
F6HL89	A0A438HSH7
F6HL89	A0A438DE62
F6HVW8	F6HVW8
F6HVW8	A0A438C6Y1
F6HVW8	A0A438FIM0
F6HVW8	F6HVX2
F6HWA2	F6HWA2
F6HWA2	A0A438GBG9
F9QB77	F9QB77
F9QB77	A0A377J2P9
G0V7D0	G0V7D0
G0WXI5	G0WXI5
G0WXI5	A0A6J0JKW3
G0WXI5	G0WXJ2
G0WXI5	G0WXJ4
G0WXI5	J7FDK5
G0WXI5	J7FE13
G0WXI5	G0WXI7
G0WXI5	G0WXJ7
G0WXI5	G8Z904
G0WXI5	J7FD67
G0WXJ5	G0WXJ5
G0WXJ5	G0WXI9
G0WXJ5	M4F8U8
G5EA72	G5EA72
G7J2E1	G7J2E1
G7J6C9	G7J6C9
G7JMZ0	G7JMZ0
G7JZP3	G7JZP3
G7JZP3	A0A1S2XKB5
G7K780	G7K780
G7K780	A0A1S2XL44
G7KE42	G7KE42
G7KEX5	G7KEX5
G7ZJ86	G7ZJ86
G7ZJ86	A0A3B6HUY3
G7ZJ86	A0A3B6IU45
G7ZJ86	A0A3B6JKX8
G7ZJ86	M7Z3H9
G7ZJ86	A0A8I6Y7K9
G8B5Q0	G8B5Q0
H0V2D9	H0V2D9
H3BWT7	H3BWT7
I1GTI4	I1GTI4
I1GXW0	I1GXW0
I1H6F0	I1H6F0
I1H6Z9	I1H6Z9
I1H9G1	I1H9G1
I1H9G1	A0A3B6HT36
I1H9G1	F2DSS3
I1HIS1	I1HIS1
I1HSZ7	I1HSZ7
I1HSZ7	A0A3B6GXL1
I1HSZ7	A0A3B6EMZ4
I1HSZ7	A0A8R7TY97
I1HSZ7	A0A9R1FMS0
I1HSZ7	M0V770
I1HTA3	I1HTA3
I1HTA4	I1HTA4
I1HTA9	I1HTA9
I1HTF1	I1HTF1
I1HTF2	I1HTF2
I1HWM8	I1HWM8
I1HWM8	A0A2K2CUR4
I1IF83	I1IF83
I1IF87	I1IF87
I1IJV5	I1IJV5
I1IJV5	I1IJV4
I1ITB5	I1ITB5
I1IV57	I1IV57
I1J744	I1J744
I1J8U1	I1J8U1
I1J8U1	A0A0S3T4J5
I1J8U1	I1LHT8
I1JHB0	I1JHB0
I1JHB0	A0A1S3UBZ2
I1JHB0	I1JHB1
I1JHB0	I1MB91
I1KHT8	I1KHT8
I1KHT9	I1KHT9
I1KK07	I1KK07
I1KK83	I1KK83
I1KK85	I1KK85
I1KK85	K7MTC5
I1KZ86	I1KZ86
I1LDA3	I1LDA3
I1LDA3	I1NH80
I1LDA4	I1LDA4
I1LDA4	I1NH79
I1LQN6	I1LQN6
I1LQN6	A0A8B8KX60
I1LQN6	A0A1S3VMA7
I1LQN6	I1LK01
I1M7A4	I1M7A4
I1MP04	I1MP04
I1MZU9	I1MZU9
I1MZU9	A0A0S3S643
I1MZU9	A0A1S3T7D5
I1MZU9	I1LLS9
I1N2E6	I1N2E6
I1N2E6	I1KZE8
I1N2E6	A0A1S3TE29
I1N2E6	A0A0S3RV25
I1NN65	I1NN65
I1NN65	Q5ZCW1
I1NSX0	I1NSX0
I1NSX0	J3L5E9
I1NSX0	Q941X2
I1Q353	I1Q353
I1Q353	A0A0E0PZB2
I1Q353	Q5Z5T3
I1Q353	A0A0E0E2Z7
I1Q353	A0A0E0LCT1
I2NQ06	I2NQ06
I2NQ06	A0A369ZTG4
I2NQ06	A0A377I0K5
I2NQ06	A0AAE6MNS3
I2NQ06	A0A369ZEM1
I3DEN2	I3DEN2
I3JNN4	I3JNN4
I3JNN4	A0A3B4G9J9
I3JNN4	A0A3B4G9M4
I3JNN4	A0A669C0U8
I3JNN4	A0A669DUL3
I3JNN4	A0A669CF85
J3L5Q7	J3L5Q7
J3L5V9	J3L5V9
J3LH37	J3LH37
J3N7W3	J3N7W3
J5JH35	J5JH35
J9VQZ4	J9VQZ4
K3XG35	K3XG35
K3XIA3	K3XIA3
K3XQ03	K3XQ03
K3XR14	K3XR14
K3YR58	K3YR58
K3Z2C0	K3Z2C0
K3Z4V9	K3Z4V9
K3Z4X4	K3Z4X4
K3Z4Y3	K3Z4Y3
K3Z510	K3Z510
K3Z510	K3Z4V5
P06811	P06811
P07788	P07788
P25006	P25006
P25006	A0A9Q8YCK1
P25006	A0A0L8C014
P25006	A0A7Y6Q7K3
P25006	A0AAW4FJC5
P25006	A0A859R0Q1
P36649	P36649
P36649	Q8X947
P38993	P38993
P43561	P43561
Q3V1H3	Q3V1H3
Q4WZB4	Q4WZB4
Q53692	Q53692
Q55P57	Q55P57
Q55P57	J9VY90
Q70KY3	Q70KY3
Q9SU40	Q9SU40
S8FGV1	S8FGV1
S8FIE4	S8FIE4
U3ICI9	U3ICI9
U3ICI9	A0A493T870
U3ICI9	A0A6J3DQZ7
U3ICI9	A0A6J3DRY4
U3ICI9	A0A7K7KNR4
U3ICI9	A0A8B9DBE0
U3ICI9	A0A8B9ZZP4
U3ICI9	A0A8C3CC16
U3ICI9	R0JS97
U3ICI9	A0A8B9BAB5
U3ICI9	A0A672V694
U3ICI9	A0A672V5E1
U3ICI9	A0A672V6H2
U3ICI9	A0A7K9VAC0
Q9SMW3	Q9SMW3
Q9SR40	Q9SR40
Q9VBK7	Q9VBK7
Q9VLC3	Q9VLC3
Q9VX11	Q9VX11
Q9ZP47	Q9ZP47
Q9ZP47	A0AAV1QVX9
Q9ZP47	A0AAJ6T503
Q9ZP47	A0A2K1ZDD2
Q9ZP47	B9HSI6
Q9ZP47	A0AAJ6TRE7
R0FDM4	R0FDM4
R0FDM4	A0A5S9Y6M3
R0FDM4	F4K6Z5
R0FDM4	A0A178USZ0
R0FDM4	A0A654G353
R0FDM4	A0A8T2CY19
R0FDM4	A0A8T2DI49
R0FDM4	O04947
R0FDM4	Q94A37
R0FDM4	A0A8T1ZCP0
R0FDM4	A0A8S2AM69
R0FDM4	D7M0Q2
R0FDM4	A0A8T1YXZ2
R4YKI0	R4YKI0
R9LDG7	R9LDG7
S4VLP3	S4VLP3
S4VLP3	A0A2P6QF12
S4VLP3	A0AAW1XTZ1
S4VLP3	R9VXA4
U5D121	U5D121
U5DA76	U5DA76
U5DA76	U5DD45
U5FP71	U5FP71
U5FP71	A0A2K1XHR2
U5FP71	A0AAJ6TBK3
U5FP71	A0AAJ6WZS3
V4KML7	V4KML7
V4LEL1	V4LEL1
V4LEL1	A0AAU9SUL6
V4LJZ2	V4LJZ2
V4LQM0	V4LQM0
V4M8K9	V4M8K9
V4M8K9	A0A078JIR4
V4M8K9	A0A0D3BTX6
V4M8K9	A0A6J0JH42
V4M8K9	A0A8D9GBI8
V4M8K9	M4DPG7
V4M8K9	O81081
V4N442	V4N442
V6MD32	V6MD32
V8NI73	V8NI73
V8NI73	A0A6J1URV9
V8NI73	A0A6P9D4W0
V8NI73	A0A6P9DFJ5
V8NI73	A0A8C6XYS0
V8NI73	A0A6J1UJA5
V8NI73	A0A8C6Y2F5
W1NFT0	W1NFT0
W1NGX9	W1NGX9
W1P4R1	W1P4R1
W1PJB2	W1PJB2
W1PLC3	W1PLC3
W1PLD4	W1PLD4
W1PQW4	W1PQW4
W3X732	W3X732
W5C476	W5C476
W5C476	A0A1D5V2D3
W5C476	A0A452XFE3
W5KBA0	W5KBA0
W5KBA0	A0A8T2L5B4
W6MU88	W6MU88
W9RNZ3	W9RNZ3
X1WD76	X1WD76
A0A5F9CI66	A0A5F9CI66
A0A5F9CI66	G1SJX3
A0A5F9CI66	U3KMC6
A0A671E6T2	A0A671E6T2
A0A671E6T2	A0A671E7C0
A0A671E6T2	A0A671EF95
A0A671E6T2	A0A7J8AD93
A0A671E6T2	A0A7J8AE03
A0A671E6T2	A0A7J8AEC9
A0A671E6T2	A0A7J8AES8
A0A671E6T2	A0A8B7QCZ0
A0A671E6T2	A0A8B7QBV9
A0A671E6T2	A0A8B7QCN2
A0A671E6T2	A0A8B7QDX4
A0A671E6T2	A0A8B7QF36
A0A8C3WXS0	A0A8C3WXS0
A0A8C3WXS0	A0A8D0U5A7
A0A8C3WXS0	A0A287A718
A0A8C3WXS0	A0A4X1T0M7
A0A8C3WXS0	A0A4X1T1U5
A0A8C3WXS0	A0A5G2QW05
A0A8C3WXS0	A0A8D0J2F1
A0A8C3WXS0	A0A8D0NZI5
A0A8C3WXS0	A0A8D0P1U6
A0A8C3WXS0	A0A8D0P5Q0
A0A8C3WXS0	A0A8D0RE93
A0A8C3WXS0	A0A8D0U599
A0A8C3WXS0	A0A8D0WT44
A0A8C3WXS0	A0A8D0WV94
A0A8C3WXS0	A0A8D0WZX2
A0A8C3WXS0	A0A8D0YQJ8
A0A8C3WXS0	A0A8D0YQM1
A0A8C3WXS0	A0A8D0YRD9
A0A8C3WXS0	A0A8D0YUX2
A0A8C3WXS0	A0A8D1C8Z5
A0A8C3WXS0	A0A8D1C964
A0A8C3WXS0	A0A8D1LFT0
A0A8C3WXS0	A0A8D1LFT9
A0A8C3WXS0	A0A8D1LFZ8
A0A8C3WXS0	A0A8D1R686
A0A8C3WXS0	A0A8D1R9G3
A0A8C3WXS0	A0A8D1RD89
A0A8C3WXS0	A0A8D1T291
A0A8C3WXS0	A0A8D0RDV9
A0A8C3WXS0	A0A8D0RKU0
A0A8D2D1S7	A0A8D2D1S7
C0HLV6	C0HLV6
C0HLV7	C0HLV7
D0VWU3	D0VWU3
D4GPK6	D4GPK6
E9RBR0	E9RBR0
G1KGN3	G1KGN3
G2QFD0	G2QFD0
A0A7K7SL45	A0A7K7SL45
A0A7K7SL45	A0A6J0J6G9
A0A7K7SL45	A0A093PL85
A0A7K7SL45	A0A6J0J4D8
A0A7K7SL45	A0A6J2HGP7
A0A7K7SL45	A0A7L1A2T4
A0A7K7SL45	A0A7K5AWF4
A0A7K7SL45	A0A7K6A2P4
A0A7K7SL45	A0A7K5K4F9
A0A7K7SL45	A0A7K6CIV7
A0A7K7SL45	A0A7K8QY40
A0A7K7SL45	A0A7L0J687
A0A7K7SL45	A0A7L1Y9P3
A0A7K8ZNL8	A0A7K8ZNL8
A0A7K8ZNL8	A0A7K8WE86
A0A7K8ZNL8	A0A7K5BDZ0
A0A7K8ZNL8	A0A7K5KEP1
A0A7K8ZNL8	A0A093Q6I9
A0A7K8ZNL8	A0A7K4QX78
A0A7K8ZNL8	A0A7K4WMB7
A0A7K8ZNL8	A0A7K5UNF0
A0A7K8ZNL8	A0A7L0IS65
A0A7K8ZNL8	A0A7K6IBF2
A0A7K8ZNL8	A0A7K5KT40
A0A7K8ZNL8	A0A7K6DNX2
A0A7K8ZNL8	A0A7K6EEE1
A0A7K8ZNL8	A0A7L3I6S8
A0A7K8ZNL8	A0A851ELC0
A0A7K8ZNL8	A0A851J092
A0A7K8ZNL8	A0A8C5ID02
A0A7K8ZNL8	A0A7K4PKI4
A0A7K8ZNL8	A0A7K5MVU4
A0A7K8ZNL8	A0A7K7IM30
A0A7K8ZNL8	A0A7K7K0J8
A0A7K8ZNL8	A0A7K9GXM3
A0A7K8ZNL8	A0A7L2FI93
A0A7K8ZNL8	A0A7L3VKT4
A0A7K8ZNL8	A0A8C5I831
A0A7K8ZNL8	A0A8C9MZE9
A0A7K8ZNL8	A0A8C9N360
A0A7K8ZNL8	A0A8D2NBM0
A0A7K8ZNL8	A0A8N5EK99
A0A7K8ZNL8	A0A8C9N127
A0A7K8ZNL8	A0A973YEZ4
A0A7K8ZNL8	A0A7K8Z486
A0A7K8ZNL8	A0ABC9X851
A0A7K8ZNL8	A0A087VLN7
A0A7K8ZNL8	A0A091ERK5
A0A7K8ZNL8	A0A091IV95
A0A7K8ZNL8	A0A091K5Z9
A0A7K8ZNL8	A0A091LML2
A0A7K8ZNL8	A0A091LQQ6
A0A7K8ZNL8	A0A091MTI1
A0A7K8ZNL8	A0A091NXH2
A0A7K8ZNL8	A0A091PHN3
A0A7K8ZNL8	A0A091RQL1
A0A7K8ZNL8	A0A091SGY4
A0A7K8ZNL8	A0A091TU07
A0A7K8ZNL8	A0A091VB27
A0A7K8ZNL8	A0A091VG30
A0A7K8ZNL8	A0A091XVF7
A0A7K8ZNL8	A0A093F7M9
A0A7K8ZNL8	A0A093H159
A0A7K8ZNL8	A0A093SYV6
A0A7K8ZNL8	A0A0A0AH30
A0A7K8ZNL8	A0A663DZX6
A0A7K8ZNL8	A0A6J0IW85
A0A7K8ZNL8	A0A7K4S6J5
A0A7K8ZNL8	A0A7K4T9F6
A0A7K8ZNL8	A0A7K4TQU0
A0A7K8ZNL8	A0A7K4YUZ9
A0A7K8ZNL8	A0A7K5FJL3
A0A7K8ZNL8	A0A7K5H3D6
A0A7K8ZNL8	A0A7K5NJ42
A0A7K8ZNL8	A0A7K5VGW9
A0A7K8ZNL8	A0A7K5WX81
A0A7K8ZNL8	A0A7K5XX04
A0A7K8ZNL8	A0A7K6C2M5
A0A7K8ZNL8	A0A7K6F3K0
A0A7K8ZNL8	A0A7K6INL2
A0A7K8ZNL8	A0A7K6JRT8
A0A7K8ZNL8	A0A7K6LR69
A0A7K8ZNL8	A0A7K6TGN7
A0A7K8ZNL8	A0A7K6YT72
A0A7K8ZNL8	A0A7K7BVV5
A0A7K8ZNL8	A0A7K7F619
A0A7K8ZNL8	A0A7K7NSK3
A0A7K8ZNL8	A0A7K7UFL4
A0A7K8ZNL8	A0A7K7XL67
A0A7K8ZNL8	A0A7K8AZK8
A0A7K8ZNL8	A0A7K8D2W3
A0A7K8ZNL8	A0A7K8FDJ1
A0A7K8ZNL8	A0A7K8G0U6
A0A7K8ZNL8	A0A7K8ILH1
A0A7K8ZNL8	A0A7K8NNS8
A0A7K8ZNL8	A0A7K8P9Z9
A0A7K8ZNL8	A0A7K8STI5
A0A7K8ZNL8	A0A7K8U3H7
A0A7K8ZNL8	A0A7K9BAS7
A0A7K8ZNL8	A0A7K9DW73
A0A7K8ZNL8	A0A7K9FHS9
A0A7K8ZNL8	A0A7K9I589
A0A7K8ZNL8	A0A7K9JA00
A0A7K8ZNL8	A0A7K9M826
A0A7K8ZNL8	A0A7K9NXK0
A0A7K8ZNL8	A0A7K9P8U5
A0A7K8ZNL8	A0A7K9SPY0
A0A7K8ZNL8	A0A7K9U407
A0A7K8ZNL8	A0A7K9XIS2
A0A7K8ZNL8	A0A7K9ZW09
A0A7K8ZNL8	A0A7L0ANM9
A0A7K8ZNL8	A0A7L0BNG3
A0A7K8ZNL8	A0A7L0D2G5
A0A7K8ZNL8	A0A7L0EB38
A0A7K8ZNL8	A0A7L0FVC6
A0A7K8ZNL8	A0A7L0GLC1
A0A7K8ZNL8	A0A7L0HKM5
A0A7K8ZNL8	A0A7L0PQG1
A0A7K8ZNL8	A0A7L0SUR3
A0A7K8ZNL8	A0A7L0WK32
A0A7K8ZNL8	A0A7L1AUU2
A0A7K8ZNL8	A0A7L1HYW4
A0A7K8ZNL8	A0A7L1J9T5
A0A7K8ZNL8	A0A7L1JSZ3
A0A7K8ZNL8	A0A7L1LH89
A0A7K8ZNL8	A0A7L1P8P5
A0A7K8ZNL8	A0A7L1T442
A0A7K8ZNL8	A0A7L1UDJ6
A0A7K8ZNL8	A0A7L1XT47
A0A7K8ZNL8	A0A7L2AI70
A0A7K8ZNL8	A0A7L2HCT5
A0A7K8ZNL8	A0A7L2NDN2
A0A7K8ZNL8	A0A7L2T0C6
A0A7K8ZNL8	A0A7L2WXD7
A0A7K8ZNL8	A0A7L2YK88
A0A7K8ZNL8	A0A7L3BR32
A0A7K8ZNL8	A0A7L3D1F9
A0A7K8ZNL8	A0A7L3F771
A0A7K8ZNL8	A0A7L3PJN0
A0A7K8ZNL8	A0A7L3R3B7
A0A7K8ZNL8	A0A7L3SPM1
A0A7K8ZNL8	A0A7L3TTX5
A0A7K8ZNL8	A0A7L3Z948
A0A7K8ZNL8	A0A7L3ZSA5
A0A7K8ZNL8	A0A7L4AR24
A0A7K8ZNL8	A0A7L4GZ59
A0A7K8ZNL8	A0A7L4I958
A0A7K8ZNL8	A0A7L4M1M7
A0A7K8ZNL8	A0A7L4N9I0
A0A7K8ZNL8	A0A7R5KXT8
A0A7K8ZNL8	A0A7R5L484
A0A7K8ZNL8	A0A850WD48
A0A7K8ZNL8	A0A851LGX6
A0A7K8ZNL8	A0A851WBC7
A0A7K8ZNL8	A0A851XU48
A0A7K8ZNL8	A0A851Z1Y6
A0A7K8ZNL8	A0A852GVQ6
A0A7K8ZNL8	A0A852KY72
A0A7K8ZNL8	A0A852N716
A0A7K8ZNL8	A0A8B9FD89
A0A7K8ZNL8	A0A8C0HLA0
A0A7K8ZNL8	A0A8C3JK36
A0A7K8ZNL8	A0A8C4JNV4
A0A7K8ZNL8	A0A8C4V8E7
A0A7K8ZNL8	A0A8C4V9R9
A0A7K8ZNL8	A0A8C6IVN5
A0A7K8ZNL8	A0AAN7S7C5
A0A7K8ZNL8	A0A087RBR7
A0A7K8ZNL8	A0A091GFP0
A0A7K8ZNL8	A0A7K4IWA3
A0A7K8ZNL8	A0A7K5A462
A0A7K8ZNL8	A0A7K5HYA7
A0A7K8ZNL8	A0A7L4K2S8
A0A7K8ZNL8	A0A091L6C2
A0A7K8ZNL8	A0A093CX89
A0A7K8ZNL8	A0A093IQ25
A0A7K8ZNL8	A0A093QUA9
A0A7K8ZNL8	A0A094K5H2
A0A7K8ZNL8	A0A094KRC0
A0A7K8ZNL8	A0A663DZX1
A0A7K8ZNL8	A0A663DZC6
A0A7K8ZNL8	A0A663M9N3
A0A7K8ZNL8	A0A663MB03
A0A7K8ZNL8	A0A663MBC1
A0A7K8ZNL8	A0A8C0EKW4
A0A7K8ZNL8	A0A663M9P3
A0A7K8ZNL8	A0A663MAR4
A0A7K8ZNL8	A0A663MAV6
A0A7K8ZNL8	A0A663MB83
A0A7K8ZNL8	A0A663MBA7
A0A7K8ZNL8	A0A663MBW2
A0A7K8ZNL8	A0A7K5YJ64
A0A7K8ZNL8	A0A7K5ZY61
A0A7K8ZNL8	A0A7K6B1Y2
A0A7K8ZNL8	A0A7K6NW37
A0A7K8ZNL8	A0A7K6U450
A0A7K8ZNL8	A0A7K6WRA2
A0A7K8ZNL8	A0A7K7R7A2
A0A7K8ZNL8	A0A8C0V7V3
A0A7K8ZNL8	A0A7K7ZMW6
A0A7K8ZNL8	A0A7K8CKE1
A0A7K8ZNL8	A0A7K8K5Y9
A0A7K8ZNL8	A0A7K8LB66
A0A7K8ZNL8	A0A7K8UWD9
A0A7K8ZNL8	A0A7K9DQU5
A0A7K8ZNL8	A0A7K9UYJ4
A0A7K8ZNL8	A0A7K9WRA4
A0A7K8ZNL8	A0A7K8DXE1
A0A7K8ZNL8	A0A7K8HLN2
A0A7K8ZNL8	A0A7L0RU65
A0A7K8ZNL8	A0A7L0U1S7
A0A7K8ZNL8	A0A7L0YYP3
A0A7K8ZNL8	A0A7L1GHZ4
A0A7K8ZNL8	A0A7L1NZR9
A0A7K8ZNL8	A0A7L2U2U6
A0A7K8ZNL8	A0A7L2VWI6
A0A7K8ZNL8	A0A7L3NHH4
A0A7K8ZNL8	A0A091IAX3
A0A7K8ZNL8	A0A7L4CCM7
A0A7K8ZNL8	A0A7L4DB08
A0A7K8ZNL8	A0A7L4FLG2
A0A7K8ZNL8	A0A851PKK4
A0A7K8ZNL8	A0A852NIE9
A0A7K8ZNL8	A0A8B9DD34
A0A7K8ZNL8	A0A6J3DBH6
A0A7K8ZNL8	A0A7K7KPQ6
A0A7K8ZNL8	A0A8B9CPG2
A0A7K8ZNL8	A0A8B9DA79
A0A7K8ZNL8	A0A8B9VUU5
A0A7K8ZNL8	A0A8B9VZ32
A0A7K8ZNL8	A0A8C3C7F0
A0A7K8ZNL8	R0KYC4
A0A7K8ZNL8	U3IJS3
A0A7K8ZNL8	A0A8B9FCX2
A0A7K8ZNL8	A0A8B9FDY3
A0A7K8ZNL8	A0A8B9FEB6
A0A7K8ZNL8	A0A8B9FG22
A0A7K8ZNL8	A0A8B9FI83
A0A7K8ZNL8	A0A8B9FK44
A0A7K8ZNL8	A0A8B9IV87
A0A7K8ZNL8	A0A8C0B888
A0A7K8ZNL8	A0A8C0B8A8
A0A7K8ZNL8	A0A8C0B8I4
A0A7K8ZNL8	A0A8C0B9E3
A0A7K8ZNL8	A0A8C0B8M5
A0A7K8ZNL8	A0A8C0B9H9
A0A7K8ZNL8	A0A8C0EKA8
A0A7K8ZNL8	A0A8C0EMV9
A0A7K8ZNL8	A0A8C0ENH3
A0A7K8ZNL8	A0A8C0EQ30
A0A7K8ZNL8	A0A8C0EJB8
A0A7K8ZNL8	A0A8C0ELW9
A0A7K8ZNL8	A0A8C0HLD5
A0A7K8ZNL8	A0A8C0HLB0
A0A7K8ZNL8	A0A8C0IAI2
A0A7K8ZNL8	A0A8C0IAS2
A0A7K8ZNL8	A0A8C4V4M2
A0A7K8ZNL8	A0A8C4V5G4
A0A7K8ZNL8	A0A8C4V5N7
A0A7K8ZNL8	A0A8C4V810
A0A7K8ZNL8	A0A8C4V9K6
A0A7K8ZNL8	A0A8C4V9X6
A0A7K8ZNL8	A0A7K5DJY9
A0A7K8ZNL8	A0A7K8MDV6
A0A7K8ZNL8	A0A7L4KK90
A0A7K8ZNL8	A0A8C4VBS0
A0A7K8ZNL8	A0A8C4XU88
A0A7K8ZNL8	A0A8C8EAH6
A0A7K8ZNL8	A0A8C8AWM4
A0A7K8ZNL8	A0A8J4I9W7
A0A7K8ZNL8	A0A8J4JEY8
A0A7K8ZNL8	A0A8J4NZQ3
A0A7K8ZNL8	A0A8K0BS84
A0A7K8ZNL8	A0A8J4PFL6
A0A7K8ZNL8	A0A8S9E6I0
A0A7K8ZNL8	A0AA40H570
A0A7K8ZNL8	A0AA97MPD1
A0A7K8ZNL8	A0A7K6QLM8
K3ZHQ7	K3ZHQ7
K3ZHR1	K3ZHR1
K3ZHR1	A0A368SA02
K3ZHR1	A0A4U6TM61
K3ZHR6	K3ZHR6
K3ZHX0	K3ZHX0
K3ZLD7	K3ZLD7
K3ZLT3	K3ZLT3
K3ZMV7	K3ZMV7
K3ZRY3	K3ZRY3
K4A7A5	K4A7A5
K4A7A5	A0A811MQJ8
K4A7A5	A0ABC8Y6N6
K4A7A5	A0ABC8WSH7
K4A7A5	A0ABC8XRM4
K4A7A5	C5WNF8
K4A7A5	A0A8T0NRM7
K4A7R0	K4A7R0
K4A7R0	B4FDI9
K4A7R0	C5WQ07
K4NZF4	K4NZF4
K4PCQ7	K4PCQ7
K4PCR3	K4PCR3
K4PCR3	K4P1M3
K7FTN5	K7FTN5
K7KDJ6	K7KDJ6
K7LRT8	K7LRT8
K7NCS2	K7NCS2
M0VC31	M0VC31
M0VC31	A0A3B5ZWV1
M0VC31	A0A3B5Y2G3
M0VC31	A0A3B5YZW6
M0VC31	A0A8R7P782
M1AHK0	M1AHK0
M1AHK0	A0A3Q7HZZ0
M1AHK0	M1AHJ9
M1ARF1	M1ARF1
M1B968	M1B968
M1B968	A0A1J6JT87
M1B968	A0A1S4DEZ3
M1B968	A0A1U7VPE0
M1B968	A0A9Q1RCZ0
M1CZE4	M1CZE4
M1CZE4	A0A3Q7HXT1
M1CZE4	M1CZE3
M1D5U8	M1D5U8
M1D5U8	A0A3Q7IYF8
M1DND5	M1DND5
M1DND5	A0A1U8GF71
M4DJ90	M4DJ90
M4DJ90	A0A0D3DQ53
M4DJ90	A0A6J0KRX2
M4DJ90	V4KYE2
M4DKI0	M4DKI0
M4DKI0	A0A078IPF7
M4FDV3	M4FDV3
M4FDV3	A0A078J8K3
M4FDV3	A0A078GPR7
M4Z2Q6	M4Z2Q6
M5AN30	M5AN30
M5AP95	M5AP95
M5VK33	M5VK33
M5VK33	A0A6P5SSG4
M5VK33	M5VJC7
M5VNW2	M5VNW2
M5VNW2	A0A6P5SZL4
M5VXR2	M5VXR2
M5VXR2	A0A6P5SCF2
M5W2E2	M5W2E2
M5W2E2	M5VIK0
M5W2E2	A0A6P5SYB9
M5W2E2	M5W2I1
M5W2E2	A0A6P5U1S0
M5W3N3	M5W3N3
M5W3N3	A0A6P5T188
M5WHE9	M5WHE9
M5WHE9	A0A6P5TPM3
M5WHE9	A0A6P5U5I3
M5WJT6	M5WJT6
M5WJT6	A0A6P5TEH8
M5WNA8	M5WNA8
M5WNA8	A0A6P5T2I7
M5WPK0	M5WPK0
M5WPK0	A0A6P5RWE3
M5WQU5	M5WQU5
M5WQU5	A0A6P5TDT1
M5WQV0	M5WQV0
M5WQV0	A0A6P5SED6
M5X3Q4	M5X3Q4
M5X3Q4	A0A6P5TBT5
M5XKH4	M5XKH4
M5XKH4	A0A6P5U1K9
M5Y906	M5Y906
M5Y906	A0A6P5TFP0
M7ZXZ0	M7ZXZ0
N0B9M5	N0B9M5
O24041	O24041
O24043	O24043
O24044	O24044
O24044	O24042
O24093	O24093
P0A1C5	P0A1C5
P0A1C5	P0A1C6
P0A1C5	P26648
P0DV45	P0DV45
P29162	P29162
P59571	P59571
P78591	P78591
P78591	A0A1D8PPD8
Q00624	Q00624
Q01679	Q01679
Q02075	Q02075
Q03966	Q03966
Q04399	Q04399
Q07J87	Q07J87
Q0CCX6	Q0CCX6
Q0D1P3	Q0D1P3
Q0DHL5	Q0DHL5
Q0IP28	Q0IP28
Q0IQU1	Q0IQU1
Q0IQU1	J3NAI6
Q0JHP8	Q0JHP8
Q0JHP8	I1NTD5
Q0JHP8	A0A0E0CAC7
Q0UHZ8	Q0UHZ8
Q10ND7	Q10ND7
Q10ND7	I1P9Y3
Q11G41	Q11G41
Q12542	Q12542
Q12542	Q12541
Q12729	Q12729
Q12729	Q12739
Q12737	Q12737
Q2GPS9	Q2GPS9
Q2PAJ2	Q2PAJ2
Q2PAJ2	A0A804Q3I4
Q2QUN2	Q2QUN2
Q2QUN2	I1R5C0
Q2QZ80	Q2QZ80
Q2R0L0	Q2R0L0
Q2R0L0	A2Y9C2
Q2RBK2	Q2RBK2
Q2RBK2	Q2QYS3
Q339K6	Q339K6
Q3SJ90	Q3SJ90
Q47452	Q47452
Q4WQY8	Q4WQY8
Q5N7A3	Q5N7A3
Q5N7B4	Q5N7B4
Q5N7B4	I1NTD4
Q5N7B4	J3L5V8
Q5N9W4	Q5N9W4
Q5N9X2	Q5N9X2
Q5N9X2	I1NT80
Q65U77	Q65U77
Q69HT9	Q69HT9
Q69L99	Q69L99
Q69L99	I1Q7B6
Q6CII3	Q6CII3
Q6N2A5	Q6N2A5
Q6N2A5	A0AAX3DXS6
Q6N2A5	A0A336JVF9
Q6N2A5	A0A323ULM4
Q6N2A5	D2Y5B8
Q6N2A5	E6VN33
Q6Z8L2	Q6Z8L2
Q6Z8L2	I1P4A9
Q7XE50	Q7XE50
Q8KKH4	Q8KKH4
Q8RYM9	Q8RYM9
Q8S2A8	Q8S2A8
Q8S2A8	J3L5Q9
Q8Z9E1	Q8Z9E1
Q8Z9E1	Q8ZRS2
Q8ZBK0	Q8ZBK0
Q96UM2	Q96UM2
Q96WM9	Q96WM9
Q99049	Q99049
Q99055	Q99055
Q99055	Q12719
Q99056	Q99056
Q99056	Q12717
Q9AUI0	Q9AUI0
Q9AUI3	Q9AUI3
Q9AUI4	Q9AUI4
Q9AUI6	Q9AUI6
Q9FHN6	Q9FHN6
Q9FY79	Q9FY79
Q9M5B4	Q9M5B4
Q9M5B4	P14133
Q9M5B5	Q9M5B5
A0A072TM83	A0A072TM83
A0A072TM83	A0A2K3P651
A0A072TZT9	A0A072TZT9
A0A072U047	A0A072U047
A0A072U0V9	A0A072U0V9
A0A072UB42	A0A072UB42
A0A072UHQ4	A0A072UHQ4
A0A078F622	A0A078F622
A0A078FE41	A0A078FE41
A0A078G063	A0A078G063
A0A078G063	A0A6J0LFS8
A0A078G063	M4CL80
A0A078G063	A0A087H460
A0A078G063	V4P0G1
A0A078G063	Q9SIY8
A0A078G063	D7LF33
A0A078G063	A0A6J0LX97
A0A078G872	A0A078G872
A0A078I5C9	A0A078I5C9
A0A078I5C9	A0A078IUK3
A0A078I5C9	M4ELT3
A0A078I5C9	A0A6J0NQV8
A0A078IG47	A0A078IG47
A0A078IG47	A0A398A4W0
A0A078IG47	A0A0D3AHF6
A0A078IG47	A0A6J0M3R4
A0A078IG47	A0A8X7R049
A0A078IG47	M4EJB9
A0A078IZC8	A0A078IZC8
A0A078IZC8	A0A078IFM5
A0A078IZC8	A0A087HR11
A0A078IZC8	A0A0D3AHE9
A0A078IZC8	A0A6J0M7N3
A0A078IZC8	D7M752
A0A078IZC8	Q6ID18
A0A078IZC8	A0A1R7T3A1
A0A078IZC8	V4L8Y9
A0A078IZC8	M4EJC5
A0A078M035	A0A078M035
A0A078M035	A0AA42BDD9
A0A087G510	A0A087G510
A0A087G5F5	A0A087G5F5
A0A087HPB6	A0A087HPB6
A0A087YMZ0	A0A087YMZ0
A0A087YMZ0	A0A315VCL3
A0A090GUG1	A0A090GUG1
A0A090GUG1	A0A090F2L3
A0A090GUG1	A0A330HTZ8
A0A090GUG1	A0A2A6FMX4
A0A090GUG1	A0A2T4IN32
A0A090GUG1	A0AB36R1C8
A0A090GUG1	A0A6M7TFG9
A0A090GUG1	A0A841PT39
A0A090GUG1	A0A6M7ULF7
A0A090GUG1	L0KLG3
A0A096MX08	A0A096MX08
A0A096MX08	A0A0C4DG76
A0A096MX08	A0A0D9RHN6
A0A096MX08	A0A1D5R7T8
A0A096MX08	A0A1D5RE68
A0A096MX08	A0A2I2ZG14
A0A096MX08	A0A2I3RHB3
A0A096MX08	A0A2I3TP14
A0A096MX08	A0A2J8UB91
A0A096MX08	A0A2K5CXB7
A0A096MX08	A0A2K5MT40
A0A096MX08	A0A2K5MT55
A0A096MX08	A0A2K5PWA7
A0A096MX08	A0A2K5PWH2
A0A096MX08	A0A2K5WZ73
A0A096MX08	A0A2K5XE56
A0A096MX08	A0A2K6DVI9
A0A096MX08	A0A2K6DVK9
A0A096MX08	A0A2K6FGM9
A0A096MX08	A0A2K6SM82
A0A096MX08	A0A2R8MPR8
A0A096MX08	A0A2R9BM31
A0A096MX08	A0A6D2VVN5
A0A096MX08	A0A8B7EKD9
A0A096MX08	A0A8C5W208
A0A096MX08	A0A8D2DHK1
A0A096MX08	A0A8D2EU99
A0A096MX08	A0A8I3WPK4
A0A096MX08	A0AA41N7U1
A0A096MX08	G3R124
A0A096MX08	G7NRS5
A0A096MX08	H0WXE3
A0A096MX08	H2PVV7
A0A096MX08	Q1HE23
A0A096MX08	Q9BQS7
A0A096MX08	A0A1U7T0Y4
A0A096MX08	A0A1U7SPQ9
A0A096MX08	A0A2K6FGM4
A0A096MX08	A0A8C5XSM2
A0A096MX08	Q5JZ08
A0A096ZNF9	A0A096ZNF9
A0A0A0K7P6	A0A0A0K7P6
A0A0A0K8M4	A0A0A0K8M4
A0A0A0KEP1	A0A0A0KEP1
A0A0A0KEP1	A0A1S3BMI3
A0A0A0KEP1	A0A6J1CRT0
A0A0A0KEP1	A0A6J1EFG8
A0A0A0L192	A0A0A0L192
A0A0A0L192	A0A1S3BKV0
A0A0A0L192	A0A6J1EVQ0
A0A0A0L192	A0A6J1GFQ1
A0A0A0L192	A0A6J1HUA3
A0A0A0L192	A0A6J1IS57
A0A0A0LFD8	A0A0A0LFD8
A0A0A0LFD8	A0A1S3B5Q7
A0A0A0LFD8	A0A6J1F1N9
A0A0A0LFD8	A0A6J1FBN4
A0A0A0LFD8	A0A6J1J7E9
A0A0A0LFD8	A0A6J1CWL9
A0A0A5G7G8	A0A0A5G7G8
A0A0B2PZQ3	A0A0B2PZQ3
A0A0B2WJN5	A0A0B2WJN5
A0A0B3SK74	A0A0B3SK74
A0A0D2TS22	A0A0D2TS22
A0A0D2TS22	A0A0D2UUB7
A0A0D2TS22	A0A1U8K706
A0A0D2TS22	A0A1U8K726
A0A0D2TS22	A0A1U8PLN5
A0A0D2TS22	A0A1X9PYH7
A0A0D2TS22	A0A2P5Y816
A0A0D2TS22	A0A2P5Y859
A0A0D2TS22	A0A5D2GJV4
A0A0D2TS22	A0A5D2GLP3
A0A0D2TS22	A0A5D2L0Z1
A0A0D2TS22	A0A5D2QJL9
A0A0D2TS22	A0A5D2QKW1
A0A0D2TS22	A0A5D2ZAQ7
A0A0D2TS22	A0A5D2ZDB7
A0A0D2TS22	A0A5J5RI63
A0A0D2TS22	A0A5J5VV44
A0A0D2TS22	A0A7J8SD40
A0A0D2TS22	A0A7J8SD44
A0A0D2TS22	A0A7J8VA54
A0A0D2TS22	A0A7J8VAV9
A0A0D2TS22	A0A7J9HFJ4
A0A0D2TS22	A0A9D3UZ83
A0A0D2TS22	G8XQW0
A0A0D2TS22	Q6TDS6
A0A0D2TVP3	A0A0D2TVP3
A0A0D2TVP3	A0A5D2V165
A0A0D2TVP3	A0A1U8K701
A0A0D2TVP3	A0A0D2TS27
A0A0D2TVP3	A0A5D2V1B1
A0A0D2TVP3	A0A5J5RQ46
A0A0D2TVP3	A0A1U8PL98
A0A0D2TVP3	A0A1U8PIU1
A0A0D2TVP3	A0A2P5Y839
A0A0D2TVP3	A0A5D2GJX1
A0A0D2TVP3	A0A5D2GK90
A0A0D2TVP3	A0A5D2QK10
A0A0D2TVP3	A0A5D2QNA6
A0A0D2TVP3	A0A5D2ZCE1
A0A0D2TVP3	A0A5D2ZCW9
A0A0D2TVP3	A0A5J5VT21
A0A0D2TVP3	A0A5J5VUJ7
A0A0D2TVP3	A0A8J6D048
A0A0D2TVP3	A0A7J8TF46
A0A0D3EDJ4	A0A0D3EDJ4
A0A0D3EDJ4	A0A3P6EG87
A0A0D3EDJ4	A0A816J279
A0A0D3EDJ4	A0A397XKW0
A0A0D3EDJ4	A0A3P6CIS3
A0A0D3EDJ4	A0A6J0K4G8
A0A0D3EDJ4	A0A817B1Y4
A0A0D3EDJ4	A0ABC8LI95
A0A0D3EDJ4	B3IWI2
A0A0D3EDJ4	M4CDS6
A0A0D3EDJ4	Q9SDV7
A0A0D3EDJ4	Q9SDV8
A0A0D3EDJ4	A0A8S9J218
A0A0D3EH22	A0A0D3EH22
A0A0D3EH22	A0A9W3C482
A0A0D3EH22	D7LZX9
A0A0D3EH22	Q9LYQ2
A0A0D3HPB9	A0A0D3HPB9
A0A0D3HPB9	A0A0E0F7Z9
A0A0D3HPB9	A0A0E0ICF0
A0A0D3HPB9	A0A0E0RBE6
A0A0D3HPB9	A0A6G1EK18
A0A0D3HPB9	A2Y9C5
A0A0D3HPB9	I1R1T4
A0A0D3HPB9	Q2R0L2
A0A0D3HPB9	A0A0D9XUM2
A0A0D9WRC3	A0A0D9WRC3
A0A0D9XR10	A0A0D9XR10
A0A0E0BHI5	A0A0E0BHI5
A0A0E0BHI5	A0A0D3HKC6
A0A0E0BHI5	A0A0E0J0F1
A0A0E0BHI5	A0A0E0R6N5
A0A0E0BHI5	A2XCN6
A0A0E0BHI5	Q53LU4
A0A0E0CAC6	A0A0E0CAC6
A0A0E0E2Z6	A0A0E0E2Z6
A0A0E0E2Z6	Q5Z645
A0A0E0E2Z6	A0A0E0HSQ6
A0A0E0E2Z6	A0A0E0PZA7
A0A0E0E2Z6	A0A0E0AB24
A0A0E0E2Z6	A0A0D3GHZ2
A0A0E0E2Z6	A0A0E0LCS9
A0A0E0E2Z6	I1Q351
